Time Index,CC Value,Time (UTC),MATLAB Time,Threshold Value,Station,Network,Template,Phase,MAD,CC Relation to MAD
17050.375,0.90013,01 December 2010 04:44:10.375,734473.1973,0.80178,MCWV,US,M4_Mainshock_S,S,0.089086,10.104
61077.9,0.82039,01 December 2010 16:57:57.900,734473.7069,0.80178,MCWV,US,M4_Mainshock_S,S,0.089086,9.2089
64558.3,0.95879,02 December 2010 17:55:58.300,734474.7472,0.86322,MCWV,US,M4_Mainshock_S,S,0.095913,9.9964
12649.05,0.95017,02 December 2010 03:30:49.050,734474.1464,0.86322,MCWV,US,M4_Mainshock_S,S,0.095913,9.9066
69435.725,0.94791,02 December 2010 19:17:15.725,734474.8037,0.86322,MCWV,US,M4_Mainshock_S,S,0.095913,9.883
67199,1.0729,03 December 2010 18:39:59.000,734475.7778,0.89097,MCWV,US,M4_Mainshock_S,S,0.098996,10.8381
76510.625,1.0623,03 December 2010 21:15:10.625,734475.8855,0.89097,MCWV,US,M4_Mainshock_S,S,0.098996,10.7303
61166.8,0.9432,03 December 2010 16:59:26.800,734475.7079,0.89097,MCWV,US,M4_Mainshock_S,S,0.098996,9.5276
77926.2,0.91771,03 December 2010 21:38:46.200,734475.9019,0.89097,MCWV,US,M4_Mainshock_S,S,0.098996,9.2701
79842.8,0.98195,06 December 2010 22:10:42.800,734478.9241,0.94246,MCWV,US,M4_Mainshock_S,S,0.10472,9.3771
75787.45,1.1409,07 December 2010 21:03:07.450,734479.8772,0.98664,MCWV,US,M4_Mainshock_S,S,0.10963,10.4071
75788.1,0.98737,07 December 2010 21:03:08.100,734479.8772,0.98664,MCWV,US,M4_Mainshock_S,S,0.10963,9.0067
49783.85,1.1087,13 December 2010 13:49:43.850,734485.5762,1.0165,MCWV,US,M4_Mainshock_S,S,0.11295,9.8163
56533.475,1.0509,16 December 2010 15:42:13.475,734488.6543,0.97051,MCWV,US,M4_Mainshock_S,S,0.10783,9.7453
66255.65,1.0231,16 December 2010 18:24:15.650,734488.7668,0.97051,MCWV,US,M4_Mainshock_S,S,0.10783,9.488
80520.925,1.2933,17 December 2010 22:22:00.925,734489.932,0.89429,MCWV,US,M4_Mainshock_S,S,0.099366,13.016
49490.4,0.9286,17 December 2010 13:44:50.400,734489.5728,0.89429,MCWV,US,M4_Mainshock_S,S,0.099366,9.3453
78549.6,0.90018,17 December 2010 21:49:09.600,734489.9091,0.89429,MCWV,US,M4_Mainshock_S,S,0.099366,9.0593
28375.575,0.88506,19 December 2010 07:52:55.575,734491.3284,0.88468,MCWV,US,M4_Mainshock_S,S,0.098298,9.0039
15539.225,1.0702,21 December 2010 04:18:59.225,734493.1799,0.87135,MCWV,US,M4_Mainshock_S,S,0.096816,11.0536
75537.275,0.94196,21 December 2010 20:58:57.275,734493.8743,0.87135,MCWV,US,M4_Mainshock_S,S,0.096816,9.7294
75537.925,0.88189,21 December 2010 20:58:57.925,734493.8743,0.87135,MCWV,US,M4_Mainshock_S,S,0.096816,9.1089
61564.4,0.90756,22 December 2010 17:06:04.400,734494.7126,0.86241,MCWV,US,M4_Mainshock_S,S,0.095824,9.4711
74452.15,0.88539,22 December 2010 20:40:52.150,734494.8617,0.86241,MCWV,US,M4_Mainshock_S,S,0.095824,9.2397
73334.375,1.1013,23 December 2010 20:22:14.375,734495.8488,0.8716,MCWV,US,M4_Mainshock_S,S,0.096845,11.3723
60426.225,1.0291,23 December 2010 16:47:06.225,734495.6994,0.8716,MCWV,US,M4_Mainshock_S,S,0.096845,10.6268
61770.775,1.0043,23 December 2010 17:09:30.775,734495.7149,0.8716,MCWV,US,M4_Mainshock_S,S,0.096845,10.3702
60426.775,0.99741,23 December 2010 16:47:06.775,734495.6994,0.8716,MCWV,US,M4_Mainshock_S,S,0.096845,10.2991
75701.3,0.95807,23 December 2010 21:01:41.300,734495.8762,0.8716,MCWV,US,M4_Mainshock_S,S,0.096845,9.8929
57019.5,0.8992,23 December 2010 15:50:19.500,734495.6599,0.8716,MCWV,US,M4_Mainshock_S,S,0.096845,9.285
63780.15,0.87558,23 December 2010 17:43:00.150,734495.7382,0.8716,MCWV,US,M4_Mainshock_S,S,0.096845,9.0411
85745.775,0.9662,24 December 2010 23:49:05.775,734496.9924,0.9015,MCWV,US,M4_Mainshock_S,S,0.10017,9.6459
60723.9,1.0206,27 December 2010 16:52:03.900,734499.7028,0.90539,MCWV,US,M4_Mainshock_S,S,0.1006,10.1453
75518.85,0.94334,27 December 2010 20:58:38.850,734499.8741,0.90539,MCWV,US,M4_Mainshock_S,S,0.1006,9.3773
73013.5,1.1395,28 December 2010 20:16:53.500,734500.8451,0.89402,MCWV,US,M4_Mainshock_S,S,0.099336,11.471
78688.125,0.92035,28 December 2010 21:51:28.125,734500.9107,0.89402,MCWV,US,M4_Mainshock_S,S,0.099336,9.2651
61459.025,0.90973,28 December 2010 17:04:19.025,734500.7113,0.89402,MCWV,US,M4_Mainshock_S,S,0.099336,9.1581
79159.575,0.89466,28 December 2010 21:59:19.575,734500.9162,0.89402,MCWV,US,M4_Mainshock_S,S,0.099336,9.0064
66443,0.89268,29 December 2010 18:27:23.000,734501.769,0.85659,MCWV,US,M4_Mainshock_S,S,0.095177,9.3792
66178.275,1.0333,30 December 2010 18:22:58.275,734502.766,0.82705,MCWV,US,M4_Mainshock_S,S,0.091894,11.2445
25641.8,0.8879,30 December 2010 07:07:21.800,734502.2968,0.82705,MCWV,US,M4_Mainshock_S,S,0.091894,9.6621
57252.025,0.89292,31 December 2010 15:54:12.025,734503.6626,0.80437,MCWV,US,M4_Mainshock_S,S,0.089375,9.9908
10779.925,0.85943,31 December 2010 02:59:39.925,734503.1248,0.80437,MCWV,US,M4_Mainshock_S,S,0.089375,9.616
57252.625,0.8363,31 December 2010 15:54:12.625,734503.6626,0.80437,MCWV,US,M4_Mainshock_S,S,0.089375,9.3573
16609.15,0.81072,31 December 2010 04:36:49.150,734503.1922,0.80437,MCWV,US,M4_Mainshock_S,S,0.089375,9.0711
10783.225,0.8082,31 December 2010 02:59:43.225,734503.1248,0.80437,MCWV,US,M4_Mainshock_S,S,0.089375,9.0428
76131.225,0.97886,01 January 2011 21:08:51.225,734504.8811,0.84424,MCWV,US,M4_Mainshock_S,S,0.093805,10.435
64166.6,0.88314,01 January 2011 17:49:26.600,734504.7427,0.84424,MCWV,US,M4_Mainshock_S,S,0.093805,9.4147
36404.325,0.86978,01 January 2011 10:06:44.325,734504.4213,0.84424,MCWV,US,M4_Mainshock_S,S,0.093805,9.2722
56328.525,1.0236,02 January 2011 15:38:48.525,734505.652,0.89421,MCWV,US,M4_Mainshock_S,S,0.099357,10.3025
62244.75,0.85308,03 January 2011 17:17:24.750,734506.7204,0.85225,MCWV,US,M4_Mainshock_S,S,0.094695,9.0087
61504.425,0.85733,04 January 2011 17:05:04.425,734507.7119,0.84802,MCWV,US,M4_Mainshock_S,S,0.094225,9.0987
53207.325,1.0344,05 January 2011 14:46:47.325,734508.6158,0.86767,MCWV,US,M4_Mainshock_S,S,0.096408,10.7296
62265.275,0.9984,06 January 2011 17:17:45.275,734509.7207,0.86842,MCWV,US,M4_Mainshock_S,S,0.096491,10.3471
18332.925,1.0329,07 January 2011 05:05:32.925,734510.2122,0.89407,MCWV,US,M4_Mainshock_S,S,0.099341,10.3977
64872.625,0.94821,07 January 2011 18:01:12.625,734510.7508,0.89407,MCWV,US,M4_Mainshock_S,S,0.099341,9.5449
72605.175,1.0336,08 January 2011 20:10:05.175,734511.8403,0.89343,MCWV,US,M4_Mainshock_S,S,0.09927,10.4121
55609.2,0.98226,08 January 2011 15:26:49.200,734511.6436,0.89343,MCWV,US,M4_Mainshock_S,S,0.09927,9.8948
61799.3,1.0045,10 January 2011 17:09:59.300,734513.7153,0.89075,MCWV,US,M4_Mainshock_S,S,0.098972,10.1498
56802.9,0.93427,10 January 2011 15:46:42.900,734513.6574,0.89075,MCWV,US,M4_Mainshock_S,S,0.098972,9.4397
66603.975,0.9254,10 January 2011 18:30:03.975,734513.7709,0.89075,MCWV,US,M4_Mainshock_S,S,0.098972,9.3501
75330.725,0.91162,10 January 2011 20:55:30.725,734513.8719,0.89075,MCWV,US,M4_Mainshock_S,S,0.098972,9.2109
56810.8,0.90564,10 January 2011 15:46:50.800,734513.6575,0.89075,MCWV,US,M4_Mainshock_S,S,0.098972,9.1505
77479.25,0.93076,11 January 2011 21:31:19.250,734514.8968,0.88937,MCWV,US,M4_Mainshock_S,S,0.098819,9.4188
63719.15,0.91338,11 January 2011 17:41:59.150,734514.7375,0.88937,MCWV,US,M4_Mainshock_S,S,0.098819,9.243
74203.275,0.95658,13 January 2011 20:36:43.275,734516.8588,0.902,MCWV,US,M4_Mainshock_S,S,0.10022,9.5445
75354.4,0.91618,13 January 2011 20:55:54.400,734516.8722,0.902,MCWV,US,M4_Mainshock_S,S,0.10022,9.1415
65478.45,0.90417,13 January 2011 18:11:18.450,734516.7579,0.902,MCWV,US,M4_Mainshock_S,S,0.10022,9.0216
65630.25,1.0959,14 January 2011 18:13:50.250,734517.7596,0.88298,MCWV,US,M4_Mainshock_S,S,0.098109,11.1698
65630.9,1.0745,14 January 2011 18:13:50.900,734517.7596,0.88298,MCWV,US,M4_Mainshock_S,S,0.098109,10.9526
77486.275,1.0373,14 January 2011 21:31:26.275,734517.8968,0.88298,MCWV,US,M4_Mainshock_S,S,0.098109,10.5735
65623.125,0.99709,14 January 2011 18:13:43.125,734517.7595,0.88298,MCWV,US,M4_Mainshock_S,S,0.098109,10.1632
60009.1,0.90637,14 January 2011 16:40:09.100,734517.6945,0.88298,MCWV,US,M4_Mainshock_S,S,0.098109,9.2384
80590.55,0.90446,14 January 2011 22:23:10.550,734517.9328,0.88298,MCWV,US,M4_Mainshock_S,S,0.098109,9.2189
16056.6,0.89227,15 January 2011 04:27:36.600,734518.1858,0.85661,MCWV,US,M4_Mainshock_S,S,0.095179,9.3746
67819.525,0.86877,15 January 2011 18:50:19.525,734518.7849,0.85661,MCWV,US,M4_Mainshock_S,S,0.095179,9.1277
73960.475,1.0262,17 January 2011 20:32:40.475,734520.856,0.84457,MCWV,US,M4_Mainshock_S,S,0.093842,10.9351
62751.675,0.96111,17 January 2011 17:25:51.675,734520.7263,0.84457,MCWV,US,M4_Mainshock_S,S,0.093842,10.2418
62752.275,0.84805,17 January 2011 17:25:52.275,734520.7263,0.84457,MCWV,US,M4_Mainshock_S,S,0.093842,9.037
62070.375,1.0259,18 January 2011 17:14:30.375,734521.7184,0.87777,MCWV,US,M4_Mainshock_S,S,0.09753,10.5186
78018.375,0.93197,18 January 2011 21:40:18.375,734521.903,0.87777,MCWV,US,M4_Mainshock_S,S,0.09753,9.5557
76669.575,0.90032,18 January 2011 21:17:49.575,734521.8874,0.87777,MCWV,US,M4_Mainshock_S,S,0.09753,9.2312
75925.325,0.97203,19 January 2011 21:05:25.325,734522.8788,0.87707,MCWV,US,M4_Mainshock_S,S,0.097452,9.9744
76524.4,1.053,20 January 2011 21:15:24.400,734523.8857,0.8632,MCWV,US,M4_Mainshock_S,S,0.095911,10.9792
77385.725,0.96874,20 January 2011 21:29:45.725,734523.8957,0.8632,MCWV,US,M4_Mainshock_S,S,0.095911,10.1004
71239.3,0.94409,20 January 2011 19:47:19.300,734523.8245,0.8632,MCWV,US,M4_Mainshock_S,S,0.095911,9.8434
79614.125,0.93882,20 January 2011 22:06:54.125,734523.9215,0.8632,MCWV,US,M4_Mainshock_S,S,0.095911,9.7885
77385.175,0.90464,20 January 2011 21:29:45.175,734523.8957,0.8632,MCWV,US,M4_Mainshock_S,S,0.095911,9.4322
75052.475,0.87591,20 January 2011 20:50:52.475,734523.8687,0.8632,MCWV,US,M4_Mainshock_S,S,0.095911,9.1325
17030.525,0.87407,20 January 2011 04:43:50.525,734523.1971,0.8632,MCWV,US,M4_Mainshock_S,S,0.095911,9.1134
74629.9,1.025,22 January 2011 20:43:49.900,734525.8638,0.9105,MCWV,US,M4_Mainshock_S,S,0.10117,10.1323
33887.175,1.0166,23 January 2011 09:24:47.175,734526.3922,0.89185,MCWV,US,M4_Mainshock_S,S,0.099094,10.2592
33886.5,0.93865,23 January 2011 09:24:46.500,734526.3922,0.89185,MCWV,US,M4_Mainshock_S,S,0.099094,9.4723
24500.525,1.111,24 January 2011 06:48:20.525,734527.2836,0.85613,MCWV,US,M4_Mainshock_S,S,0.095126,11.679
61854.4,1.0433,24 January 2011 17:10:54.400,734527.7159,0.85613,MCWV,US,M4_Mainshock_S,S,0.095126,10.9675
62790.7,0.88603,25 January 2011 17:26:30.700,734528.7267,0.842,MCWV,US,M4_Mainshock_S,S,0.093555,9.4706
28600.575,0.86928,25 January 2011 07:56:40.575,734528.331,0.842,MCWV,US,M4_Mainshock_S,S,0.093555,9.2916
59902.2,0.86749,25 January 2011 16:38:22.200,734528.6933,0.842,MCWV,US,M4_Mainshock_S,S,0.093555,9.2725
74093.5,1.0967,26 January 2011 20:34:53.500,734529.8576,0.88329,MCWV,US,M4_Mainshock_S,S,0.098143,11.1744
58658.55,0.94691,26 January 2011 16:17:38.550,734529.6789,0.88329,MCWV,US,M4_Mainshock_S,S,0.098143,9.6483
76117.775,0.91058,26 January 2011 21:08:37.775,734529.881,0.88329,MCWV,US,M4_Mainshock_S,S,0.098143,9.2781
74918.275,0.90006,26 January 2011 20:48:38.275,734529.8671,0.88329,MCWV,US,M4_Mainshock_S,S,0.098143,9.1709
56628.1,1.1015,27 January 2011 15:43:48.100,734530.6554,0.89052,MCWV,US,M4_Mainshock_S,S,0.098947,11.1327
74847.5,1.0576,27 January 2011 20:47:27.500,734530.8663,0.89052,MCWV,US,M4_Mainshock_S,S,0.098947,10.6888
75698.45,0.98489,27 January 2011 21:01:38.450,734530.8761,0.89052,MCWV,US,M4_Mainshock_S,S,0.098947,9.9537
74846.875,0.9632,27 January 2011 20:47:26.875,734530.8663,0.89052,MCWV,US,M4_Mainshock_S,S,0.098947,9.7345
80708.35,0.88484,28 January 2011 22:25:08.350,734531.9341,0.88102,MCWV,US,M4_Mainshock_S,S,0.097891,9.039
25425.55,0.88833,29 January 2011 07:03:45.550,734532.2943,0.88449,MCWV,US,M4_Mainshock_S,S,0.098277,9.0391
62277.975,1.1867,31 January 2011 17:17:57.975,734534.7208,0.86608,MCWV,US,M4_Mainshock_S,S,0.096231,12.3319
70157.175,1.0783,31 January 2011 19:29:17.175,734534.812,0.86608,MCWV,US,M4_Mainshock_S,S,0.096231,11.2054
62657.7,1.0288,31 January 2011 17:24:17.700,734534.7252,0.86608,MCWV,US,M4_Mainshock_S,S,0.096231,10.6909
70155.575,1.0128,31 January 2011 19:29:15.575,734534.812,0.86608,MCWV,US,M4_Mainshock_S,S,0.096231,10.5248
62278.6,0.92771,31 January 2011 17:17:58.600,734534.7208,0.86608,MCWV,US,M4_Mainshock_S,S,0.096231,9.6404
77032.35,0.91303,31 January 2011 21:23:52.350,734534.8916,0.86608,MCWV,US,M4_Mainshock_S,S,0.096231,9.4879
73703.35,0.89631,31 January 2011 20:28:23.350,734534.853,0.86608,MCWV,US,M4_Mainshock_S,S,0.096231,9.3142
70049.05,0.87444,31 January 2011 19:27:29.050,734534.8108,0.86608,MCWV,US,M4_Mainshock_S,S,0.096231,9.0869
62665.6,0.87149,31 January 2011 17:24:25.600,734534.7253,0.86608,MCWV,US,M4_Mainshock_S,S,0.096231,9.0562
80341.575,0.98174,01 February 2011 22:19:01.575,734535.9299,0.87454,MCWV,US,M4_Mainshock_S,S,0.097171,10.1032
64926.8,0.90841,01 February 2011 18:02:06.800,734535.7515,0.87454,MCWV,US,M4_Mainshock_S,S,0.097171,9.3485
61739.05,1.0371,02 February 2011 17:08:59.050,734536.7146,0.85463,MCWV,US,M4_Mainshock_S,S,0.094959,10.9214
65771.25,0.92428,02 February 2011 18:16:11.250,734536.7612,0.85463,MCWV,US,M4_Mainshock_S,S,0.094959,9.7334
2837.275,0.91573,02 February 2011 00:47:17.275,734536.0328,0.85463,MCWV,US,M4_Mainshock_S,S,0.094959,9.6434
65430.35,0.91092,02 February 2011 18:10:30.350,734536.7573,0.85463,MCWV,US,M4_Mainshock_S,S,0.094959,9.5928
79966.9,0.86556,02 February 2011 22:12:46.900,734536.9255,0.85463,MCWV,US,M4_Mainshock_S,S,0.094959,9.1151
79966.3,0.85818,02 February 2011 22:12:46.300,734536.9255,0.85463,MCWV,US,M4_Mainshock_S,S,0.094959,9.0374
65771.875,0.85589,02 February 2011 18:16:11.875,734536.7612,0.85463,MCWV,US,M4_Mainshock_S,S,0.094959,9.0132
75736.1,1.042,03 February 2011 21:02:16.100,734537.8766,0.87337,MCWV,US,M4_Mainshock_S,S,0.097041,10.738
62164.475,0.97393,03 February 2011 17:16:04.475,734537.7195,0.87337,MCWV,US,M4_Mainshock_S,S,0.097041,10.0363
62165.075,0.94685,03 February 2011 17:16:05.075,734537.7195,0.87337,MCWV,US,M4_Mainshock_S,S,0.097041,9.7573
75734.5,0.94654,03 February 2011 21:02:14.500,734537.8766,0.87337,MCWV,US,M4_Mainshock_S,S,0.097041,9.754
75800.5,0.91769,04 February 2011 21:03:20.500,734538.8773,0.89742,MCWV,US,M4_Mainshock_S,S,0.099713,9.2033
68611.95,1.0077,05 February 2011 19:03:31.950,734539.7941,0.88426,MCWV,US,M4_Mainshock_S,S,0.098251,10.2561
42046.2,0.90489,06 February 2011 11:40:46.200,734540.4866,0.86716,MCWV,US,M4_Mainshock_S,S,0.096351,9.3916
75253.7,0.89344,07 February 2011 20:54:13.700,734541.871,0.86412,MCWV,US,M4_Mainshock_S,S,0.096013,9.3054
75253.1,0.87975,07 February 2011 20:54:13.100,734541.871,0.86412,MCWV,US,M4_Mainshock_S,S,0.096013,9.1628
59958.325,0.87585,07 February 2011 16:39:18.325,734541.694,0.86412,MCWV,US,M4_Mainshock_S,S,0.096013,9.1222
75221.4,0.86998,07 February 2011 20:53:41.400,734541.8706,0.86412,MCWV,US,M4_Mainshock_S,S,0.096013,9.061
77246.525,0.86591,07 February 2011 21:27:26.525,734541.8941,0.86412,MCWV,US,M4_Mainshock_S,S,0.096013,9.0187
75670.4,1.043,08 February 2011 21:01:10.400,734542.8758,0.8809,MCWV,US,M4_Mainshock_S,S,0.097877,10.6559
79801.65,0.92267,08 February 2011 22:10:01.650,734542.9236,0.8809,MCWV,US,M4_Mainshock_S,S,0.097877,9.4268
75671.1,0.90452,08 February 2011 21:01:11.100,734542.8758,0.8809,MCWV,US,M4_Mainshock_S,S,0.097877,9.2413
59878.05,0.96569,09 February 2011 16:37:58.050,734543.693,0.91879,MCWV,US,M4_Mainshock_S,S,0.10209,9.4594
76073.05,0.92113,09 February 2011 21:07:53.050,734543.8805,0.91879,MCWV,US,M4_Mainshock_S,S,0.10209,9.023
54001.125,1.0135,10 February 2011 15:00:01.125,734544.625,0.92589,MCWV,US,M4_Mainshock_S,S,0.10288,9.8513
54152.275,0.94965,10 February 2011 15:02:32.275,734544.6268,0.92589,MCWV,US,M4_Mainshock_S,S,0.10288,9.2309
54152.95,0.92712,10 February 2011 15:02:32.950,734544.6268,0.92589,MCWV,US,M4_Mainshock_S,S,0.10288,9.0119
76091.225,1.0204,11 February 2011 21:08:11.225,734545.8807,0.903,MCWV,US,M4_Mainshock_S,S,0.10033,10.17
77456.625,0.92245,11 February 2011 21:30:56.625,734545.8965,0.903,MCWV,US,M4_Mainshock_S,S,0.10033,9.1938
50263.65,0.94883,12 February 2011 13:57:43.650,734546.5818,0.87906,MCWV,US,M4_Mainshock_S,S,0.097674,9.7142
68254.2,0.981,14 February 2011 18:57:34.200,734548.79,0.86658,MCWV,US,M4_Mainshock_S,S,0.096286,10.1884
14181.225,0.91803,15 February 2011 03:56:21.225,734549.1641,0.89034,MCWV,US,M4_Mainshock_S,S,0.098927,9.2799
61438.9,1.1092,17 February 2011 17:03:58.900,734551.7111,0.87362,MCWV,US,M4_Mainshock_S,S,0.097069,11.4267
63060.425,0.95831,17 February 2011 17:31:00.425,734551.7299,0.87362,MCWV,US,M4_Mainshock_S,S,0.097069,9.8725
61739.775,0.95744,18 February 2011 17:08:59.775,734552.7146,0.86958,MCWV,US,M4_Mainshock_S,S,0.09662,9.9094
62066,0.91164,18 February 2011 17:14:26.000,734552.7184,0.86958,MCWV,US,M4_Mainshock_S,S,0.09662,9.4354
76569.1,0.90503,18 February 2011 21:16:09.100,734552.8862,0.86958,MCWV,US,M4_Mainshock_S,S,0.09662,9.367
72231.85,0.87378,18 February 2011 20:03:51.850,734552.836,0.86958,MCWV,US,M4_Mainshock_S,S,0.09662,9.0435
27135.7,0.92414,19 February 2011 07:32:15.700,734553.3141,0.85728,MCWV,US,M4_Mainshock_S,S,0.095254,9.7018
25757.825,0.99505,21 February 2011 07:09:17.825,734555.2981,0.87895,MCWV,US,M4_Mainshock_S,S,0.097661,10.1888
61694.6,0.9453,21 February 2011 17:08:14.600,734555.7141,0.87895,MCWV,US,M4_Mainshock_S,S,0.097661,9.6794
61695.3,0.92901,21 February 2011 17:08:15.300,734555.7141,0.87895,MCWV,US,M4_Mainshock_S,S,0.097661,9.5127
9251.225,0.91343,21 February 2011 02:34:11.225,734555.1071,0.87895,MCWV,US,M4_Mainshock_S,S,0.097661,9.3531
25757.075,0.88473,21 February 2011 07:09:17.075,734555.2981,0.87895,MCWV,US,M4_Mainshock_S,S,0.097661,9.0592
77063.35,0.94741,22 February 2011 21:24:23.350,734556.8919,0.86746,MCWV,US,M4_Mainshock_S,S,0.096384,9.8295
78515.65,0.90894,22 February 2011 21:48:35.650,734556.9087,0.86746,MCWV,US,M4_Mainshock_S,S,0.096384,9.4304
78516.225,0.89821,22 February 2011 21:48:36.225,734556.9088,0.86746,MCWV,US,M4_Mainshock_S,S,0.096384,9.319
78068.275,0.87803,22 February 2011 21:41:08.275,734556.9036,0.86746,MCWV,US,M4_Mainshock_S,S,0.096384,9.1097
11226.85,1.0759,23 February 2011 03:07:06.850,734557.1299,0.88788,MCWV,US,M4_Mainshock_S,S,0.098653,10.906
62503.6,1.0752,23 February 2011 17:21:43.600,734557.7234,0.88788,MCWV,US,M4_Mainshock_S,S,0.098653,10.8991
52384.45,1.0097,23 February 2011 14:33:04.450,734557.6063,0.88788,MCWV,US,M4_Mainshock_S,S,0.098653,10.2345
60687.125,0.94113,24 February 2011 16:51:27.125,734558.7024,0.88286,MCWV,US,M4_Mainshock_S,S,0.098096,9.594
60687.7,0.92572,24 February 2011 16:51:27.700,734558.7024,0.88286,MCWV,US,M4_Mainshock_S,S,0.098096,9.437
57868.425,0.89165,24 February 2011 16:04:28.425,734558.6698,0.88286,MCWV,US,M4_Mainshock_S,S,0.098096,9.0897
79006.15,0.95736,25 February 2011 21:56:46.150,734559.9144,0.86231,MCWV,US,M4_Mainshock_S,S,0.095812,9.992
79006.725,0.8806,25 February 2011 21:56:46.725,734559.9144,0.86231,MCWV,US,M4_Mainshock_S,S,0.095812,9.191
75369.65,0.97987,26 February 2011 20:56:09.650,734560.8723,0.84403,MCWV,US,M4_Mainshock_S,S,0.093781,10.4485
75369.1,0.92663,26 February 2011 20:56:09.100,734560.8723,0.84403,MCWV,US,M4_Mainshock_S,S,0.093781,9.8808
18187.35,1.0013,28 February 2011 05:03:07.350,734562.2105,0.86921,MCWV,US,M4_Mainshock_S,S,0.096579,10.3676
76096.175,0.98191,28 February 2011 21:08:16.175,734562.8807,0.86921,MCWV,US,M4_Mainshock_S,S,0.096579,10.1668
67928.775,1.001,02 March 2011 18:52:08.775,734564.7862,0.88293,MCWV,US,M4_Mainshock_S,S,0.098104,10.204
76512.75,0.98394,03 March 2011 21:15:12.750,734565.8856,0.89059,MCWV,US,M4_Mainshock_S,S,0.098955,9.9433
61340.75,1.166,04 March 2011 17:02:20.750,734566.71,0.89088,MCWV,US,M4_Mainshock_S,S,0.098986,11.779
61341.425,1.0538,04 March 2011 17:02:21.425,734566.71,0.89088,MCWV,US,M4_Mainshock_S,S,0.098986,10.6464
53517.75,0.89938,04 March 2011 14:51:57.750,734566.6194,0.89088,MCWV,US,M4_Mainshock_S,S,0.098986,9.0859
75761.7,0.94019,05 March 2011 21:02:41.700,734567.8769,0.89077,MCWV,US,M4_Mainshock_S,S,0.098974,9.4993
75684.975,0.93611,05 March 2011 21:01:24.975,734567.876,0.89077,MCWV,US,M4_Mainshock_S,S,0.098974,9.4581
62434.3,0.90122,05 March 2011 17:20:34.300,734567.7226,0.89077,MCWV,US,M4_Mainshock_S,S,0.098974,9.1056
45683.975,1.2398,06 March 2011 12:41:23.975,734568.5287,0.87038,MCWV,US,M4_Mainshock_S,S,0.096709,12.8202
37846.225,1.0624,06 March 2011 10:30:46.225,734568.438,0.87038,MCWV,US,M4_Mainshock_S,S,0.096709,10.9853
37847.85,0.9565,06 March 2011 10:30:47.850,734568.4381,0.87038,MCWV,US,M4_Mainshock_S,S,0.096709,9.8904
45686.275,0.89919,06 March 2011 12:41:26.275,734568.5288,0.87038,MCWV,US,M4_Mainshock_S,S,0.096709,9.2979
61616.8,0.91471,07 March 2011 17:06:56.800,734569.7132,0.84657,MCWV,US,M4_Mainshock_S,S,0.094064,9.7244
72636.475,1.0251,08 March 2011 20:10:36.475,734570.8407,0.87694,MCWV,US,M4_Mainshock_S,S,0.097438,10.5207
72644.375,0.91763,08 March 2011 20:10:44.375,734570.8408,0.87694,MCWV,US,M4_Mainshock_S,S,0.097438,9.4176
61679.25,0.91411,08 March 2011 17:07:59.250,734570.7139,0.87694,MCWV,US,M4_Mainshock_S,S,0.097438,9.3814
79703.825,1.0074,09 March 2011 22:08:23.825,734571.9225,0.87069,MCWV,US,M4_Mainshock_S,S,0.096744,10.4131
63680.5,0.90477,09 March 2011 17:41:20.500,734571.737,0.87069,MCWV,US,M4_Mainshock_S,S,0.096744,9.3522
62817.6,1.1038,10 March 2011 17:26:57.600,734572.7271,0.82947,MCWV,US,M4_Mainshock_S,S,0.092163,11.9769
62818.225,1.0337,10 March 2011 17:26:58.225,734572.7271,0.82947,MCWV,US,M4_Mainshock_S,S,0.092163,11.2157
71373.925,0.95221,10 March 2011 19:49:33.925,734572.8261,0.82947,MCWV,US,M4_Mainshock_S,S,0.092163,10.3318
60631.825,0.88854,10 March 2011 16:50:31.825,734572.7018,0.82947,MCWV,US,M4_Mainshock_S,S,0.092163,9.641
79403.85,0.86754,10 March 2011 22:03:23.850,734572.919,0.82947,MCWV,US,M4_Mainshock_S,S,0.092163,9.4131
16576.15,0.85944,10 March 2011 04:36:16.150,734572.1919,0.82947,MCWV,US,M4_Mainshock_S,S,0.092163,9.3251
71374.5,0.8479,10 March 2011 19:49:34.500,734572.8261,0.82947,MCWV,US,M4_Mainshock_S,S,0.092163,9.2
79404.5,0.84459,10 March 2011 22:03:24.500,734572.919,0.82947,MCWV,US,M4_Mainshock_S,S,0.092163,9.1641
61829.05,0.96199,11 March 2011 17:10:29.050,734573.7156,0.86086,MCWV,US,M4_Mainshock_S,S,0.095652,10.0573
63545.35,0.9315,11 March 2011 17:39:05.350,734573.7355,0.86086,MCWV,US,M4_Mainshock_S,S,0.095652,9.7385
61829.675,0.9186,11 March 2011 17:10:29.675,734573.7156,0.86086,MCWV,US,M4_Mainshock_S,S,0.095652,9.6036
75014.9,0.88621,11 March 2011 20:50:14.900,734573.8682,0.86086,MCWV,US,M4_Mainshock_S,S,0.095652,9.265
42574.875,0.86843,11 March 2011 11:49:34.875,734573.4928,0.86086,MCWV,US,M4_Mainshock_S,S,0.095652,9.0791
69349.9,0.8657,11 March 2011 19:15:49.900,734573.8027,0.86086,MCWV,US,M4_Mainshock_S,S,0.095652,9.0506
80749.775,0.93672,12 March 2011 22:25:49.775,734574.9346,0.86327,MCWV,US,M4_Mainshock_S,S,0.095919,9.7657
22806.1,0.86546,12 March 2011 06:20:06.100,734574.264,0.86327,MCWV,US,M4_Mainshock_S,S,0.095919,9.0228
62390.25,0.86342,12 March 2011 17:19:50.250,734574.7221,0.86327,MCWV,US,M4_Mainshock_S,S,0.095919,9.0015
72134.1,1.0653,15 March 2011 20:02:14.100,734577.8349,0.88279,MCWV,US,M4_Mainshock_S,S,0.098088,10.8606
6432.025,0.90879,15 March 2011 01:47:12.025,734577.0744,0.88279,MCWV,US,M4_Mainshock_S,S,0.098088,9.2651
67651.825,0.89164,15 March 2011 18:47:31.825,734577.783,0.88279,MCWV,US,M4_Mainshock_S,S,0.098088,9.0902
63620.825,0.95705,16 March 2011 17:40:20.825,734578.7364,0.88901,MCWV,US,M4_Mainshock_S,S,0.098779,9.6888
64994.025,0.94544,16 March 2011 18:03:14.025,734578.7522,0.88901,MCWV,US,M4_Mainshock_S,S,0.098779,9.5713
51587.3,0.91921,16 March 2011 14:19:47.300,734578.5971,0.88901,MCWV,US,M4_Mainshock_S,S,0.098779,9.3057
58849,1.0456,17 March 2011 16:20:49.000,734579.6811,0.88585,MCWV,US,M4_Mainshock_S,S,0.098427,10.6235
66675.25,1.029,17 March 2011 18:31:15.250,734579.7717,0.88585,MCWV,US,M4_Mainshock_S,S,0.098427,10.4545
66675.85,0.93731,17 March 2011 18:31:15.850,734579.7717,0.88585,MCWV,US,M4_Mainshock_S,S,0.098427,9.5229
52222.575,0.93586,17 March 2011 14:30:22.575,734579.6044,0.88585,MCWV,US,M4_Mainshock_S,S,0.098427,9.5081
57782.925,1.0562,18 March 2011 16:03:02.925,734580.6688,0.88105,MCWV,US,M4_Mainshock_S,S,0.097895,10.7888
65763.9,0.9553,19 March 2011 18:16:03.900,734581.7612,0.89245,MCWV,US,M4_Mainshock_S,S,0.099161,9.6338
31494.875,0.9408,19 March 2011 08:44:54.875,734581.3645,0.89245,MCWV,US,M4_Mainshock_S,S,0.099161,9.4875
64386.975,0.93504,19 March 2011 17:53:06.975,734581.7452,0.89245,MCWV,US,M4_Mainshock_S,S,0.099161,9.4295
5976.675,1.1333,20 March 2011 01:39:36.675,734582.0692,0.86829,MCWV,US,M4_Mainshock_S,S,0.096476,11.7466
72197.7,0.99204,21 March 2011 20:03:17.700,734583.8356,0.87336,MCWV,US,M4_Mainshock_S,S,0.09704,10.223
67434.475,1.01,22 March 2011 18:43:54.475,734584.7805,0.90453,MCWV,US,M4_Mainshock_S,S,0.1005,10.0496
76695.875,0.96118,22 March 2011 21:18:15.875,734584.8877,0.90453,MCWV,US,M4_Mainshock_S,S,0.1005,9.5637
57968.05,1.023,23 March 2011 16:06:08.050,734585.6709,0.90147,MCWV,US,M4_Mainshock_S,S,0.10016,10.2135
56714.5,0.94547,23 March 2011 15:45:14.500,734585.6564,0.90147,MCWV,US,M4_Mainshock_S,S,0.10016,9.4393
9354.1,0.91062,23 March 2011 02:35:54.100,734585.1083,0.90147,MCWV,US,M4_Mainshock_S,S,0.10016,9.0913
56367.725,0.93787,24 March 2011 15:39:27.725,734586.6524,0.90838,MCWV,US,M4_Mainshock_S,S,0.10093,9.2922
56367.125,0.9251,24 March 2011 15:39:27.125,734586.6524,0.90838,MCWV,US,M4_Mainshock_S,S,0.10093,9.1657
60857.075,1.0171,25 March 2011 16:54:17.075,734587.7044,0.90407,MCWV,US,M4_Mainshock_S,S,0.10045,10.1248
64792.475,0.96129,25 March 2011 17:59:52.475,734587.7499,0.90407,MCWV,US,M4_Mainshock_S,S,0.10045,9.5695
70730.85,0.94117,25 March 2011 19:38:50.850,734587.8186,0.90407,MCWV,US,M4_Mainshock_S,S,0.10045,9.3692
74052.525,1.0383,26 March 2011 20:34:12.525,734588.8571,0.89742,MCWV,US,M4_Mainshock_S,S,0.099713,10.4124
47415.55,0.90409,26 March 2011 13:10:15.550,734588.5488,0.89742,MCWV,US,M4_Mainshock_S,S,0.099713,9.0669
15279.575,0.86475,27 March 2011 04:14:39.575,734589.1768,0.85944,MCWV,US,M4_Mainshock_S,S,0.095493,9.0556
58222,0.97264,28 March 2011 16:10:22.000,734590.6739,0.8713,MCWV,US,M4_Mainshock_S,S,0.096811,10.0468
22917.825,0.89729,28 March 2011 06:21:57.825,734590.2653,0.8713,MCWV,US,M4_Mainshock_S,S,0.096811,9.2685
56089.55,0.99079,30 March 2011 15:34:49.550,734592.6492,0.87441,MCWV,US,M4_Mainshock_S,S,0.097156,10.1979
74211.375,0.92113,30 March 2011 20:36:51.375,734592.8589,0.87441,MCWV,US,M4_Mainshock_S,S,0.097156,9.4809
70004.675,1.0183,31 March 2011 19:26:44.675,734593.8102,0.89543,MCWV,US,M4_Mainshock_S,S,0.099492,10.2346
66108.275,0.96606,31 March 2011 18:21:48.275,734593.7651,0.89543,MCWV,US,M4_Mainshock_S,S,0.099492,9.71
49250.6,0.91747,01 April 2011 13:40:50.600,734594.57,0.90715,MCWV,US,M4_Mainshock_S,S,0.10079,9.1024
40156.675,1.0782,02 April 2011 11:09:16.675,734595.4648,0.87778,MCWV,US,M4_Mainshock_S,S,0.097531,11.0549
58754.55,0.90558,02 April 2011 16:19:14.550,734595.68,0.87778,MCWV,US,M4_Mainshock_S,S,0.097531,9.2851
73579.725,0.92917,03 April 2011 20:26:19.725,734596.8516,0.84279,MCWV,US,M4_Mainshock_S,S,0.093644,9.9224
57383.85,0.96377,05 April 2011 15:56:23.850,734598.6642,0.82739,MCWV,US,M4_Mainshock_S,S,0.091933,10.4835
13242,0.86918,05 April 2011 03:40:42.000,734598.1533,0.82739,MCWV,US,M4_Mainshock_S,S,0.091933,9.4545
57383.275,0.84653,05 April 2011 15:56:23.275,734598.6642,0.82739,MCWV,US,M4_Mainshock_S,S,0.091933,9.2082
64418.775,1.1534,06 April 2011 17:53:38.775,734599.7456,0.86327,MCWV,US,M4_Mainshock_S,S,0.095919,12.0246
58019.475,0.97002,06 April 2011 16:06:59.475,734599.6715,0.86327,MCWV,US,M4_Mainshock_S,S,0.095919,10.1129
58020.075,0.96473,06 April 2011 16:07:00.075,734599.6715,0.86327,MCWV,US,M4_Mainshock_S,S,0.095919,10.0578
73643.275,0.92199,06 April 2011 20:27:23.275,734599.8524,0.86327,MCWV,US,M4_Mainshock_S,S,0.095919,9.6122
73642.6,0.92,06 April 2011 20:27:22.600,734599.8523,0.86327,MCWV,US,M4_Mainshock_S,S,0.095919,9.5915
67807.475,0.89896,06 April 2011 18:50:07.475,734599.7848,0.86327,MCWV,US,M4_Mainshock_S,S,0.095919,9.3721
70285.5,0.86539,06 April 2011 19:31:25.500,734599.8135,0.86327,MCWV,US,M4_Mainshock_S,S,0.095919,9.0221
56442.175,0.97299,07 April 2011 15:40:42.175,734600.6533,0.86813,MCWV,US,M4_Mainshock_S,S,0.096459,10.0871
56441.55,0.96794,07 April 2011 15:40:41.550,734600.6533,0.86813,MCWV,US,M4_Mainshock_S,S,0.096459,10.0347
72957.975,0.9552,07 April 2011 20:15:57.975,734600.8444,0.86813,MCWV,US,M4_Mainshock_S,S,0.096459,9.9027
72955.85,0.91607,07 April 2011 20:15:55.850,734600.8444,0.86813,MCWV,US,M4_Mainshock_S,S,0.096459,9.497
71965.075,0.91057,07 April 2011 19:59:25.075,734600.8329,0.86813,MCWV,US,M4_Mainshock_S,S,0.096459,9.44
53000.975,0.90483,08 April 2011 14:43:20.975,734601.6134,0.87384,MCWV,US,M4_Mainshock_S,S,0.097094,9.3191
61231.425,0.90316,08 April 2011 17:00:31.425,734601.7087,0.87384,MCWV,US,M4_Mainshock_S,S,0.097094,9.3019
65421.65,0.91202,09 April 2011 18:10:21.650,734602.7572,0.87507,MCWV,US,M4_Mainshock_S,S,0.09723,9.38
64565.95,1.0918,11 April 2011 17:56:05.950,734604.7473,0.85343,MCWV,US,M4_Mainshock_S,S,0.094825,11.5143
55123.45,1.0007,11 April 2011 15:18:43.450,734604.638,0.85343,MCWV,US,M4_Mainshock_S,S,0.094825,10.5535
74809.575,0.95587,11 April 2011 20:46:49.575,734604.8659,0.85343,MCWV,US,M4_Mainshock_S,S,0.094825,10.0803
55131.35,0.92201,11 April 2011 15:18:51.350,734604.6381,0.85343,MCWV,US,M4_Mainshock_S,S,0.094825,9.7232
58123.325,0.8998,11 April 2011 16:08:43.325,734604.6727,0.85343,MCWV,US,M4_Mainshock_S,S,0.094825,9.489
64863.725,0.88538,11 April 2011 18:01:03.725,734604.7507,0.85343,MCWV,US,M4_Mainshock_S,S,0.094825,9.337
55124.075,0.86925,11 April 2011 15:18:44.075,734604.638,0.85343,MCWV,US,M4_Mainshock_S,S,0.094825,9.1668
73289.675,0.96306,12 April 2011 20:21:29.675,734605.8483,0.89695,MCWV,US,M4_Mainshock_S,S,0.099661,9.6633
66823.575,0.89695,12 April 2011 18:33:43.575,734605.7734,0.89695,MCWV,US,M4_Mainshock_S,S,0.099661,9
16464.175,1.1703,13 April 2011 04:34:24.175,734606.1906,0.81522,MCWV,US,M4_Mainshock_S,S,0.09058,12.9196
71187.125,0.94655,14 April 2011 19:46:27.125,734607.8239,0.84679,MCWV,US,M4_Mainshock_S,S,0.094088,10.0603
75355.875,0.92032,14 April 2011 20:55:55.875,734607.8722,0.84679,MCWV,US,M4_Mainshock_S,S,0.094088,9.7814
75551.425,0.91201,14 April 2011 20:59:11.425,734607.8744,0.84679,MCWV,US,M4_Mainshock_S,S,0.094088,9.6932
75356.5,0.87904,14 April 2011 20:55:56.500,734607.8722,0.84679,MCWV,US,M4_Mainshock_S,S,0.094088,9.3428
10875.15,0.85167,14 April 2011 03:01:15.150,734607.1259,0.84679,MCWV,US,M4_Mainshock_S,S,0.094088,9.0519
25237.875,0.98301,15 April 2011 07:00:37.875,734608.2921,0.87524,MCWV,US,M4_Mainshock_S,S,0.097249,10.1081
72486.05,0.94105,15 April 2011 20:08:06.050,734608.839,0.87524,MCWV,US,M4_Mainshock_S,S,0.097249,9.6767
61112.875,0.92374,15 April 2011 16:58:32.875,734608.7073,0.87524,MCWV,US,M4_Mainshock_S,S,0.097249,9.4987
61113.475,0.9216,15 April 2011 16:58:33.475,734608.7073,0.87524,MCWV,US,M4_Mainshock_S,S,0.097249,9.4767
10023.375,1.2739,17 April 2011 02:47:03.375,734610.116,0.8463,MCWV,US,M4_Mainshock_S,S,0.094033,13.5469
5663.425,1.2011,17 April 2011 01:34:23.425,734610.0655,0.8463,MCWV,US,M4_Mainshock_S,S,0.094033,12.773
7720.25,0.93959,17 April 2011 02:08:40.250,734610.0894,0.8463,MCWV,US,M4_Mainshock_S,S,0.094033,9.9921
77978.65,1.0378,18 April 2011 21:39:38.650,734611.9025,0.83639,MCWV,US,M4_Mainshock_S,S,0.092932,11.1673
60482.45,0.98463,18 April 2011 16:48:02.450,734611.7,0.83639,MCWV,US,M4_Mainshock_S,S,0.092932,10.5952
60481.875,0.96521,18 April 2011 16:48:01.875,734611.7,0.83639,MCWV,US,M4_Mainshock_S,S,0.092932,10.3863
72459.5,0.92187,18 April 2011 20:07:39.500,734611.8387,0.83639,MCWV,US,M4_Mainshock_S,S,0.092932,9.9198
77981,0.90516,18 April 2011 21:39:41.000,734611.9026,0.83639,MCWV,US,M4_Mainshock_S,S,0.092932,9.74
62622.575,0.884,18 April 2011 17:23:42.575,734611.7248,0.83639,MCWV,US,M4_Mainshock_S,S,0.092932,9.5123
73689.5,0.86141,18 April 2011 20:28:09.500,734611.8529,0.83639,MCWV,US,M4_Mainshock_S,S,0.092932,9.2693
66529.275,0.85436,18 April 2011 18:28:49.275,734611.77,0.83639,MCWV,US,M4_Mainshock_S,S,0.092932,9.1935
74019.625,1.0207,19 April 2011 20:33:39.625,734612.8567,0.86852,MCWV,US,M4_Mainshock_S,S,0.096502,10.5766
72866.65,0.89308,20 April 2011 20:14:26.650,734613.8434,0.85865,MCWV,US,M4_Mainshock_S,S,0.095406,9.3609
63533.1,0.89047,21 April 2011 17:38:53.100,734614.7353,0.87236,MCWV,US,M4_Mainshock_S,S,0.096929,9.1869
60173.15,1.0136,22 April 2011 16:42:53.150,734615.6964,0.88347,MCWV,US,M4_Mainshock_S,S,0.098164,10.3253
60756.925,0.88741,22 April 2011 16:52:36.925,734615.7032,0.88347,MCWV,US,M4_Mainshock_S,S,0.098164,9.0401
37537.35,1.0148,23 April 2011 10:25:37.350,734616.4345,0.84966,MCWV,US,M4_Mainshock_S,S,0.094407,10.7489
59627.9,0.91363,25 April 2011 16:33:47.900,734618.6901,0.8087,MCWV,US,M4_Mainshock_S,S,0.089856,10.1677
71365.925,0.83331,25 April 2011 19:49:25.925,734618.826,0.8087,MCWV,US,M4_Mainshock_S,S,0.089856,9.2739
71364.425,0.83195,25 April 2011 19:49:24.425,734618.826,0.8087,MCWV,US,M4_Mainshock_S,S,0.089856,9.2587
25133.525,1.0495,26 April 2011 06:58:53.525,734619.2909,0.83825,MCWV,US,M4_Mainshock_S,S,0.093139,11.2679
25135.975,0.99642,26 April 2011 06:58:55.975,734619.2909,0.83825,MCWV,US,M4_Mainshock_S,S,0.093139,10.6982
62611.675,0.98819,26 April 2011 17:23:31.675,734619.7247,0.83825,MCWV,US,M4_Mainshock_S,S,0.093139,10.6098
40384.25,0.98288,26 April 2011 11:13:04.250,734619.4674,0.83825,MCWV,US,M4_Mainshock_S,S,0.093139,10.5528
72492.2,0.92742,26 April 2011 20:08:12.200,734619.839,0.83825,MCWV,US,M4_Mainshock_S,S,0.093139,9.9574
62610.1,0.90611,26 April 2011 17:23:30.100,734619.7247,0.83825,MCWV,US,M4_Mainshock_S,S,0.093139,9.7286
25134.2,0.89286,26 April 2011 06:58:54.200,734619.2909,0.83825,MCWV,US,M4_Mainshock_S,S,0.093139,9.5864
72492.85,0.88301,26 April 2011 20:08:12.850,734619.839,0.83825,MCWV,US,M4_Mainshock_S,S,0.093139,9.4806
12685.775,0.86733,26 April 2011 03:31:25.775,734619.1468,0.83825,MCWV,US,M4_Mainshock_S,S,0.093139,9.3122
72903.625,0.8607,26 April 2011 20:15:03.625,734619.8438,0.83825,MCWV,US,M4_Mainshock_S,S,0.093139,9.2411
74084.625,0.83995,26 April 2011 20:34:44.625,734619.8575,0.83825,MCWV,US,M4_Mainshock_S,S,0.093139,9.0183
72130.775,0.99721,27 April 2011 20:02:10.775,734620.8348,0.86002,MCWV,US,M4_Mainshock_S,S,0.095557,10.4357
56397.8,0.94231,27 April 2011 15:39:57.800,734620.6528,0.86002,MCWV,US,M4_Mainshock_S,S,0.095557,9.8612
62378.725,0.90752,27 April 2011 17:19:38.725,734620.722,0.86002,MCWV,US,M4_Mainshock_S,S,0.095557,9.4971
13011.2,0.8999,27 April 2011 03:36:51.200,734620.1506,0.86002,MCWV,US,M4_Mainshock_S,S,0.095557,9.4174
58556.9,0.89429,27 April 2011 16:15:56.900,734620.6777,0.86002,MCWV,US,M4_Mainshock_S,S,0.095557,9.3587
63761.675,0.8782,27 April 2011 17:42:41.675,734620.738,0.86002,MCWV,US,M4_Mainshock_S,S,0.095557,9.1903
72132.925,0.87807,27 April 2011 20:02:12.925,734620.8349,0.86002,MCWV,US,M4_Mainshock_S,S,0.095557,9.189
71141.85,0.86357,27 April 2011 19:45:41.850,734620.8234,0.86002,MCWV,US,M4_Mainshock_S,S,0.095557,9.0372
75433.9,0.9243,28 April 2011 20:57:13.900,734621.8731,0.87674,MCWV,US,M4_Mainshock_S,S,0.097415,9.4882
74788.1,0.91878,28 April 2011 20:46:28.100,734621.8656,0.87674,MCWV,US,M4_Mainshock_S,S,0.097415,9.4316
12679.875,0.90994,28 April 2011 03:31:19.875,734621.1468,0.87674,MCWV,US,M4_Mainshock_S,S,0.097415,9.3408
78033.325,0.8815,28 April 2011 21:40:33.325,734621.9032,0.87674,MCWV,US,M4_Mainshock_S,S,0.097415,9.0489
61841.6,0.89553,30 April 2011 17:10:41.600,734623.7158,0.86865,MCWV,US,M4_Mainshock_S,S,0.096517,9.2785
61843.25,0.88341,30 April 2011 17:10:43.250,734623.7158,0.86865,MCWV,US,M4_Mainshock_S,S,0.096517,9.1529
64547.9,0.87589,30 April 2011 17:55:47.900,734623.7471,0.86865,MCWV,US,M4_Mainshock_S,S,0.096517,9.075
73.325,1.183,03 May 2011 00:01:13.325,734626.0008,0.87458,MCWV,US,M4_Mainshock_S,S,0.097176,12.1734
58069.525,0.98762,03 May 2011 16:07:49.525,734626.6721,0.87458,MCWV,US,M4_Mainshock_S,S,0.097176,10.1633
55672.75,0.97025,03 May 2011 15:27:52.750,734626.6444,0.87458,MCWV,US,M4_Mainshock_S,S,0.097176,9.9845
53864.8,0.95462,03 May 2011 14:57:44.800,734626.6234,0.87458,MCWV,US,M4_Mainshock_S,S,0.097176,9.8237
73.95,0.92136,03 May 2011 00:01:13.950,734626.0009,0.87458,MCWV,US,M4_Mainshock_S,S,0.097176,9.4813
72134.7,0.96201,04 May 2011 20:02:14.700,734627.8349,0.86766,MCWV,US,M4_Mainshock_S,S,0.096407,9.9787
68949.825,0.92027,04 May 2011 19:09:09.825,734627.798,0.86766,MCWV,US,M4_Mainshock_S,S,0.096407,9.5457
51720.425,1.0068,05 May 2011 14:22:00.425,734628.5986,0.86986,MCWV,US,M4_Mainshock_S,S,0.096651,10.4164
51787.025,0.96378,05 May 2011 14:23:07.025,734628.5994,0.86986,MCWV,US,M4_Mainshock_S,S,0.096651,9.9717
51719.7,0.92876,05 May 2011 14:21:59.700,734628.5986,0.86986,MCWV,US,M4_Mainshock_S,S,0.096651,9.6094
74735.075,0.92645,05 May 2011 20:45:35.075,734628.865,0.86986,MCWV,US,M4_Mainshock_S,S,0.096651,9.5855
48853.475,0.88198,05 May 2011 13:34:13.475,734628.5654,0.86986,MCWV,US,M4_Mainshock_S,S,0.096651,9.1254
58942.35,0.88694,06 May 2011 16:22:22.350,734629.6822,0.86931,MCWV,US,M4_Mainshock_S,S,0.09659,9.1825
75011.3,0.91028,07 May 2011 20:50:11.300,734630.8682,0.89358,MCWV,US,M4_Mainshock_S,S,0.099287,9.1682
60475.225,1.1189,09 May 2011 16:47:55.225,734632.6999,0.83159,MCWV,US,M4_Mainshock_S,S,0.092399,12.1097
54502.025,1.1006,09 May 2011 15:08:22.025,734632.6308,0.83159,MCWV,US,M4_Mainshock_S,S,0.092399,11.9116
77920.85,0.84586,09 May 2011 21:38:40.850,734632.9019,0.83159,MCWV,US,M4_Mainshock_S,S,0.092399,9.1544
77920.225,0.84235,09 May 2011 21:38:40.225,734632.9019,0.83159,MCWV,US,M4_Mainshock_S,S,0.092399,9.1165
65447.175,1.0223,10 May 2011 18:10:47.175,734633.7575,0.85702,MCWV,US,M4_Mainshock_S,S,0.095224,10.7357
68365.85,0.89883,10 May 2011 18:59:25.850,734633.7913,0.85702,MCWV,US,M4_Mainshock_S,S,0.095224,9.439
58864.325,0.91408,11 May 2011 16:21:04.325,734634.6813,0.85965,MCWV,US,M4_Mainshock_S,S,0.095516,9.5698
54583.5,0.90079,11 May 2011 15:09:43.500,734634.6318,0.85965,MCWV,US,M4_Mainshock_S,S,0.095516,9.4307
56436.5,0.87978,11 May 2011 15:40:36.500,734634.6532,0.85965,MCWV,US,M4_Mainshock_S,S,0.095516,9.2108
60785.075,0.87444,11 May 2011 16:53:05.075,734634.7035,0.85965,MCWV,US,M4_Mainshock_S,S,0.095516,9.1549
47318.7,1.0132,12 May 2011 13:08:38.700,734635.5477,0.86444,MCWV,US,M4_Mainshock_S,S,0.096049,10.549
59182.775,1.1398,13 May 2011 16:26:22.775,734636.685,0.8747,MCWV,US,M4_Mainshock_S,S,0.097188,11.7274
82418.725,1.0675,13 May 2011 22:53:38.725,734636.9539,0.8747,MCWV,US,M4_Mainshock_S,S,0.097188,10.9841
82418.075,1.0572,13 May 2011 22:53:38.075,734636.9539,0.8747,MCWV,US,M4_Mainshock_S,S,0.097188,10.8783
12727.875,0.88016,13 May 2011 03:32:07.875,734636.1473,0.8747,MCWV,US,M4_Mainshock_S,S,0.097188,9.0562
74495.275,0.90537,14 May 2011 20:41:35.275,734637.8622,0.85819,MCWV,US,M4_Mainshock_S,S,0.095355,9.4948
74495.85,0.90384,14 May 2011 20:41:35.850,734637.8622,0.85819,MCWV,US,M4_Mainshock_S,S,0.095355,9.4787
31216.725,1.0915,15 May 2011 08:40:16.725,734638.3613,0.8597,MCWV,US,M4_Mainshock_S,S,0.095522,11.4263
31216.075,0.89963,15 May 2011 08:40:16.075,734638.3613,0.8597,MCWV,US,M4_Mainshock_S,S,0.095522,9.418
2062.725,1.0116,17 May 2011 00:34:22.725,734640.0239,0.89389,MCWV,US,M4_Mainshock_S,S,0.099321,10.1851
72788.85,0.9318,17 May 2011 20:13:08.850,734640.8425,0.89389,MCWV,US,M4_Mainshock_S,S,0.099321,9.3817
70890.575,0.94767,19 May 2011 19:41:30.575,734642.8205,0.89425,MCWV,US,M4_Mainshock_S,S,0.099361,9.5377
72922.925,0.9146,19 May 2011 20:15:22.925,734642.844,0.89425,MCWV,US,M4_Mainshock_S,S,0.099361,9.2049
75638.175,0.91359,19 May 2011 21:00:38.175,734642.8754,0.89425,MCWV,US,M4_Mainshock_S,S,0.099361,9.1946
59506.925,0.97478,20 May 2011 16:31:46.925,734643.6887,0.88547,MCWV,US,M4_Mainshock_S,S,0.098385,9.9078
63219.975,0.96143,20 May 2011 17:33:39.975,734643.7317,0.88547,MCWV,US,M4_Mainshock_S,S,0.098385,9.7721
64388.1,0.91015,24 May 2011 17:53:08.100,734647.7452,0.87926,MCWV,US,M4_Mainshock_S,S,0.097695,9.3162
75822.175,0.88457,24 May 2011 21:03:42.175,734647.8776,0.87926,MCWV,US,M4_Mainshock_S,S,0.097695,9.0544
36836.525,0.90945,25 May 2011 10:13:56.525,734648.4263,0.87284,MCWV,US,M4_Mainshock_S,S,0.096982,9.3775
13562.125,0.87782,25 May 2011 03:46:02.125,734648.157,0.87284,MCWV,US,M4_Mainshock_S,S,0.096982,9.0514
59518.9,0.93436,26 May 2011 16:31:58.900,734649.6889,0.88007,MCWV,US,M4_Mainshock_S,S,0.097786,9.5552
56179.4,1.1418,27 May 2011 15:36:19.400,734650.6502,0.88403,MCWV,US,M4_Mainshock_S,S,0.098225,11.6244
58522.25,0.99492,27 May 2011 16:15:22.250,734650.6773,0.88403,MCWV,US,M4_Mainshock_S,S,0.098225,10.129
62820.625,0.8566,28 May 2011 17:27:00.625,734651.7271,0.85297,MCWV,US,M4_Mainshock_S,S,0.094775,9.0383
57617.575,0.9398,31 May 2011 16:00:17.575,734654.6669,0.84738,MCWV,US,M4_Mainshock_S,S,0.094153,9.9817
19435.95,0.87284,01 June 2011 05:23:55.950,734655.225,0.86451,MCWV,US,M4_Mainshock_S,S,0.096057,9.0867
57940.5,0.97966,02 June 2011 16:05:40.500,734656.6706,0.87737,MCWV,US,M4_Mainshock_S,S,0.097485,10.0493
73216.7,0.93537,02 June 2011 20:20:16.700,734656.8474,0.87737,MCWV,US,M4_Mainshock_S,S,0.097485,9.595
49547.375,0.89877,04 June 2011 13:45:47.375,734658.5735,0.89617,MCWV,US,M4_Mainshock_S,S,0.099575,9.0261
74692.475,0.96486,06 June 2011 20:44:52.475,734660.8645,0.84532,MCWV,US,M4_Mainshock_S,S,0.093924,10.2727
72651.45,0.89534,06 June 2011 20:10:51.450,734660.8409,0.84532,MCWV,US,M4_Mainshock_S,S,0.093924,9.5326
62240.55,0.88144,06 June 2011 17:17:20.550,734660.7204,0.84532,MCWV,US,M4_Mainshock_S,S,0.093924,9.3845
47131.325,0.96073,07 June 2011 13:05:31.325,734661.5455,0.88999,MCWV,US,M4_Mainshock_S,S,0.098888,9.7154
71458.45,0.92263,07 June 2011 19:50:58.450,734661.8271,0.88999,MCWV,US,M4_Mainshock_S,S,0.098888,9.3301
68352.2,0.89073,07 June 2011 18:59:12.200,734661.7911,0.88999,MCWV,US,M4_Mainshock_S,S,0.098888,9.0075
13299.55,0.93447,08 June 2011 03:41:39.550,734662.1539,0.86007,MCWV,US,M4_Mainshock_S,S,0.095563,9.7786
1816.425,0.87597,08 June 2011 00:30:16.425,734662.021,0.86007,MCWV,US,M4_Mainshock_S,S,0.095563,9.1665
73293.7,1.1472,09 June 2011 20:21:33.700,734663.8483,0.87443,MCWV,US,M4_Mainshock_S,S,0.097159,11.8071
75373.35,0.98942,09 June 2011 20:56:13.350,734663.8724,0.87443,MCWV,US,M4_Mainshock_S,S,0.097159,10.1836
75372.75,0.92491,09 June 2011 20:56:12.750,734663.8724,0.87443,MCWV,US,M4_Mainshock_S,S,0.097159,9.5196
51019.25,0.9091,09 June 2011 14:10:19.250,734663.5905,0.87443,MCWV,US,M4_Mainshock_S,S,0.097159,9.3568
70788.275,0.98496,11 June 2011 19:39:48.275,734665.8193,0.87389,MCWV,US,M4_Mainshock_S,S,0.097099,10.1438
58821,0.89265,11 June 2011 16:20:21.000,734665.6808,0.87389,MCWV,US,M4_Mainshock_S,S,0.097099,9.1932
37400.15,0.94234,12 June 2011 10:23:20.150,734666.4329,0.84712,MCWV,US,M4_Mainshock_S,S,0.094124,10.0116
73488.625,0.91636,13 June 2011 20:24:48.625,734667.8506,0.85083,MCWV,US,M4_Mainshock_S,S,0.094537,9.6931
71900.625,0.89735,14 June 2011 19:58:20.625,734668.8322,0.8534,MCWV,US,M4_Mainshock_S,S,0.094822,9.4635
76858.2,0.89398,14 June 2011 21:20:58.200,734668.8896,0.8534,MCWV,US,M4_Mainshock_S,S,0.094822,9.428
58757.825,1.091,15 June 2011 16:19:17.825,734669.6801,0.86316,MCWV,US,M4_Mainshock_S,S,0.095906,11.3754
77722.65,0.91904,15 June 2011 21:35:22.650,734669.8996,0.86316,MCWV,US,M4_Mainshock_S,S,0.095906,9.5827
12579.075,0.89948,15 June 2011 03:29:39.075,734669.1456,0.86316,MCWV,US,M4_Mainshock_S,S,0.095906,9.3787
66093.25,1.0453,16 June 2011 18:21:33.250,734670.765,0.87366,MCWV,US,M4_Mainshock_S,S,0.097074,10.7679
80712.525,1.0515,18 June 2011 22:25:12.525,734672.9342,0.88862,MCWV,US,M4_Mainshock_S,S,0.098735,10.65
79612.7,1.0464,18 June 2011 22:06:52.700,734672.9214,0.88862,MCWV,US,M4_Mainshock_S,S,0.098735,10.5983
16506.575,0.89934,19 June 2011 04:35:06.575,734673.191,0.82163,MCWV,US,M4_Mainshock_S,S,0.091293,9.8512
16507.35,0.89373,19 June 2011 04:35:07.350,734673.1911,0.82163,MCWV,US,M4_Mainshock_S,S,0.091293,9.7897
18598.375,0.87405,19 June 2011 05:09:58.375,734673.2153,0.82163,MCWV,US,M4_Mainshock_S,S,0.091293,9.5741
16508.125,0.84684,19 June 2011 04:35:08.125,734673.1911,0.82163,MCWV,US,M4_Mainshock_S,S,0.091293,9.2761
60382.275,1.0309,20 June 2011 16:46:22.275,734674.6989,0.85332,MCWV,US,M4_Mainshock_S,S,0.094813,10.8729
60350.875,1.0153,20 June 2011 16:45:50.875,734674.6985,0.85332,MCWV,US,M4_Mainshock_S,S,0.094813,10.7081
60351.575,0.95367,20 June 2011 16:45:51.575,734674.6985,0.85332,MCWV,US,M4_Mainshock_S,S,0.094813,10.0584
60383,0.92058,20 June 2011 16:46:23.000,734674.6989,0.85332,MCWV,US,M4_Mainshock_S,S,0.094813,9.7094
58723,0.87635,20 June 2011 16:18:43.000,734674.6797,0.85332,MCWV,US,M4_Mainshock_S,S,0.094813,9.2429
73498.35,0.96274,21 June 2011 20:24:58.350,734675.8507,0.8569,MCWV,US,M4_Mainshock_S,S,0.095211,10.1117
73506.25,0.94922,21 June 2011 20:25:06.250,734675.8508,0.8569,MCWV,US,M4_Mainshock_S,S,0.095211,9.9696
75274.325,0.93495,21 June 2011 20:54:34.325,734675.8712,0.8569,MCWV,US,M4_Mainshock_S,S,0.095211,9.8197
58578.4,0.89414,21 June 2011 16:16:18.400,734675.678,0.8569,MCWV,US,M4_Mainshock_S,S,0.095211,9.3911
15923.6,0.88365,21 June 2011 04:25:23.600,734675.1843,0.8569,MCWV,US,M4_Mainshock_S,S,0.095211,9.281
71565.6,0.96853,22 June 2011 19:52:45.600,734676.8283,0.86744,MCWV,US,M4_Mainshock_S,S,0.096382,10.0489
14800.15,0.95409,23 June 2011 04:06:40.150,734677.1713,0.86855,MCWV,US,M4_Mainshock_S,S,0.096505,9.8864
73420.475,0.94398,23 June 2011 20:23:40.475,734677.8498,0.86855,MCWV,US,M4_Mainshock_S,S,0.096505,9.7816
11975.9,0.99152,24 June 2011 03:19:35.900,734678.1386,0.89202,MCWV,US,M4_Mainshock_S,S,0.099114,10.0039
59986.475,0.90824,24 June 2011 16:39:46.475,734678.6943,0.89202,MCWV,US,M4_Mainshock_S,S,0.099114,9.1637
64421.425,1.1164,25 June 2011 17:53:41.425,734679.7456,0.8876,MCWV,US,M4_Mainshock_S,S,0.098622,11.3195
85046.125,0.97818,27 June 2011 23:37:26.125,734681.9843,0.84164,MCWV,US,M4_Mainshock_S,S,0.093516,10.4601
61574.925,0.9393,27 June 2011 17:06:14.925,734681.7127,0.84164,MCWV,US,M4_Mainshock_S,S,0.093516,10.0443
72417.525,1.06,28 June 2011 20:06:57.525,734682.8382,0.87058,MCWV,US,M4_Mainshock_S,S,0.096731,10.9577
25105.15,0.96981,28 June 2011 06:58:25.150,734682.2906,0.87058,MCWV,US,M4_Mainshock_S,S,0.096731,10.0259
76038.075,0.92009,28 June 2011 21:07:18.075,734682.8801,0.87058,MCWV,US,M4_Mainshock_S,S,0.096731,9.5118
25104.475,0.87618,28 June 2011 06:58:24.475,734682.2906,0.87058,MCWV,US,M4_Mainshock_S,S,0.096731,9.0579
25431.85,0.87236,28 June 2011 07:03:51.850,734682.2944,0.87058,MCWV,US,M4_Mainshock_S,S,0.096731,9.0184
72076.525,1.0578,29 June 2011 20:01:16.525,734683.8342,0.86575,MCWV,US,M4_Mainshock_S,S,0.096195,10.9968
72077.175,0.88822,29 June 2011 20:01:17.175,734683.8342,0.86575,MCWV,US,M4_Mainshock_S,S,0.096195,9.2335
57501.85,1.0667,30 June 2011 15:58:21.850,734684.6655,0.85842,MCWV,US,M4_Mainshock_S,S,0.09538,11.1838
57502.45,0.95435,30 June 2011 15:58:22.450,734684.6655,0.85842,MCWV,US,M4_Mainshock_S,S,0.09538,10.0058
66206.9,0.91969,30 June 2011 18:23:26.900,734684.7663,0.85842,MCWV,US,M4_Mainshock_S,S,0.09538,9.6424
72961.6,0.87682,01 July 2011 20:16:01.600,734685.8445,0.85985,MCWV,US,M4_Mainshock_S,S,0.095539,9.1777
57998.1,0.86355,01 July 2011 16:06:38.100,734685.6713,0.85985,MCWV,US,M4_Mainshock_S,S,0.095539,9.0387
24008.775,1.0335,03 July 2011 06:40:08.775,734687.2779,0.82851,MCWV,US,M4_Mainshock_S,S,0.092057,11.2269
24008.1,0.95368,03 July 2011 06:40:08.100,734687.2779,0.82851,MCWV,US,M4_Mainshock_S,S,0.092057,10.3597
33635.7,0.93593,03 July 2011 09:20:35.700,734687.3893,0.82851,MCWV,US,M4_Mainshock_S,S,0.092057,10.1669
76265.3,0.859,05 July 2011 21:11:05.300,734689.8827,0.80975,MCWV,US,M4_Mainshock_S,S,0.089972,9.5475
72237.275,0.93627,06 July 2011 20:03:57.275,734690.8361,0.84588,MCWV,US,M4_Mainshock_S,S,0.093986,9.9618
69349.2,0.86608,06 July 2011 19:15:49.200,734690.8027,0.84588,MCWV,US,M4_Mainshock_S,S,0.093986,9.2149
72146.725,1.0022,07 July 2011 20:02:26.725,734691.835,0.85837,MCWV,US,M4_Mainshock_S,S,0.095374,10.5077
56059.775,0.89774,07 July 2011 15:34:19.775,734691.6488,0.85837,MCWV,US,M4_Mainshock_S,S,0.095374,9.4128
72146.05,0.86508,07 July 2011 20:02:26.050,734691.835,0.85837,MCWV,US,M4_Mainshock_S,S,0.095374,9.0703
78565,0.90842,08 July 2011 21:49:25.000,734692.9093,0.86607,MCWV,US,M4_Mainshock_S,S,0.096229,9.4402
21793.5,0.88049,08 July 2011 06:03:13.500,734692.2522,0.86607,MCWV,US,M4_Mainshock_S,S,0.096229,9.1499
4205.825,0.90213,10 July 2011 01:10:05.825,734694.0487,0.84719,MCWV,US,M4_Mainshock_S,S,0.094132,9.5836
56271.75,0.89245,11 July 2011 15:37:51.750,734695.6513,0.84289,MCWV,US,M4_Mainshock_S,S,0.093654,9.5293
56273.275,0.87859,11 July 2011 15:37:53.275,734695.6513,0.84289,MCWV,US,M4_Mainshock_S,S,0.093654,9.3813
78128.025,0.98246,12 July 2011 21:42:08.025,734696.9043,0.8643,MCWV,US,M4_Mainshock_S,S,0.096033,10.2304
1316.725,0.96003,12 July 2011 00:21:56.725,734696.0152,0.8643,MCWV,US,M4_Mainshock_S,S,0.096033,9.9969
64844.85,0.95562,12 July 2011 18:00:44.850,734696.7505,0.8643,MCWV,US,M4_Mainshock_S,S,0.096033,9.9509
73010.075,0.93192,12 July 2011 20:16:50.075,734696.845,0.8643,MCWV,US,M4_Mainshock_S,S,0.096033,9.7041
49804.1,0.91011,13 July 2011 13:50:04.100,734697.5764,0.85851,MCWV,US,M4_Mainshock_S,S,0.09539,9.5409
63728.05,1.0807,14 July 2011 17:42:08.050,734698.7376,0.86336,MCWV,US,M4_Mainshock_S,S,0.095929,11.2654
74040.075,1.0507,14 July 2011 20:34:00.075,734698.8569,0.86336,MCWV,US,M4_Mainshock_S,S,0.095929,10.9531
74157.95,1,14 July 2011 20:35:57.950,734698.8583,0.86336,MCWV,US,M4_Mainshock_S,S,0.095929,10.4247
19850.9,0.96625,14 July 2011 05:30:50.900,734698.2298,0.86336,MCWV,US,M4_Mainshock_S,S,0.095929,10.0725
54318.8,1.0003,15 July 2011 15:05:18.800,734699.6287,0.85667,MCWV,US,M4_Mainshock_S,S,0.095186,10.5091
72080.5,0.94878,15 July 2011 20:01:20.500,734699.8343,0.85667,MCWV,US,M4_Mainshock_S,S,0.095186,9.9677
72834.3,0.93526,15 July 2011 20:13:54.300,734699.843,0.85667,MCWV,US,M4_Mainshock_S,S,0.095186,9.8257
54319.5,0.92689,15 July 2011 15:05:19.500,734699.6287,0.85667,MCWV,US,M4_Mainshock_S,S,0.095186,9.7377
74116.875,0.91753,15 July 2011 20:35:16.875,734699.8578,0.85667,MCWV,US,M4_Mainshock_S,S,0.095186,9.6394
72081.25,0.87913,15 July 2011 20:01:21.250,734699.8343,0.85667,MCWV,US,M4_Mainshock_S,S,0.095186,9.236
72497.425,1.0473,16 July 2011 20:08:17.425,734700.8391,0.87723,MCWV,US,M4_Mainshock_S,S,0.09747,10.7448
73609.375,0.90938,16 July 2011 20:26:49.375,734700.852,0.87723,MCWV,US,M4_Mainshock_S,S,0.09747,9.3299
12619.825,0.90511,16 July 2011 03:30:19.825,734700.1461,0.87723,MCWV,US,M4_Mainshock_S,S,0.09747,9.286
72562.35,0.89904,16 July 2011 20:09:22.350,734700.8398,0.87723,MCWV,US,M4_Mainshock_S,S,0.09747,9.2238
40702.55,0.919,17 July 2011 11:18:22.550,734701.4711,0.85253,MCWV,US,M4_Mainshock_S,S,0.094725,9.7017
57679.275,1.0534,18 July 2011 16:01:19.275,734702.6676,0.8348,MCWV,US,M4_Mainshock_S,S,0.092756,11.3568
75707.025,0.92204,18 July 2011 21:01:47.025,734702.8762,0.8348,MCWV,US,M4_Mainshock_S,S,0.092756,9.9405
62064.925,0.88196,18 July 2011 17:14:24.925,734702.7183,0.8348,MCWV,US,M4_Mainshock_S,S,0.092756,9.5084
82178.75,0.85248,18 July 2011 22:49:38.750,734702.9511,0.8348,MCWV,US,M4_Mainshock_S,S,0.092756,9.1906
58195.6,1.0132,19 July 2011 16:09:55.600,734703.6736,0.85369,MCWV,US,M4_Mainshock_S,S,0.094855,10.6819
62926.45,0.90818,19 July 2011 17:28:46.450,734703.7283,0.85369,MCWV,US,M4_Mainshock_S,S,0.094855,9.5744
58206.075,0.87915,19 July 2011 16:10:06.075,734703.6737,0.85369,MCWV,US,M4_Mainshock_S,S,0.094855,9.2683
59559.525,0.94178,20 July 2011 16:32:39.525,734704.6893,0.83882,MCWV,US,M4_Mainshock_S,S,0.093202,10.1047
65484.25,0.89654,20 July 2011 18:11:24.250,734704.7579,0.83882,MCWV,US,M4_Mainshock_S,S,0.093202,9.6193
55720.775,0.87569,20 July 2011 15:28:40.775,734704.6449,0.83882,MCWV,US,M4_Mainshock_S,S,0.093202,9.3956
76040.05,0.84769,20 July 2011 21:07:20.050,734704.8801,0.83882,MCWV,US,M4_Mainshock_S,S,0.093202,9.0951
21916.325,0.84062,20 July 2011 06:05:16.325,734704.2537,0.83882,MCWV,US,M4_Mainshock_S,S,0.093202,9.0193
21086.8,0.91146,21 July 2011 05:51:26.800,734705.2441,0.84596,MCWV,US,M4_Mainshock_S,S,0.093995,9.6969
58490.8,1.0876,22 July 2011 16:14:50.800,734706.677,0.84726,MCWV,US,M4_Mainshock_S,S,0.09414,11.5531
74213.625,1.0488,22 July 2011 20:36:53.625,734706.859,0.84726,MCWV,US,M4_Mainshock_S,S,0.09414,11.141
50354.85,1.0421,22 July 2011 13:59:14.850,734706.5828,0.84726,MCWV,US,M4_Mainshock_S,S,0.09414,11.0699
45401.875,0.97711,22 July 2011 12:36:41.875,734706.5255,0.84726,MCWV,US,M4_Mainshock_S,S,0.09414,10.3794
74214.2,0.96175,22 July 2011 20:36:54.200,734706.859,0.84726,MCWV,US,M4_Mainshock_S,S,0.09414,10.2162
56969.825,0.93338,22 July 2011 15:49:29.825,734706.6594,0.84726,MCWV,US,M4_Mainshock_S,S,0.09414,9.9148
59992.775,0.86689,22 July 2011 16:39:52.775,734706.6944,0.84726,MCWV,US,M4_Mainshock_S,S,0.09414,9.2085
58491.4,0.86112,22 July 2011 16:14:51.400,734706.677,0.84726,MCWV,US,M4_Mainshock_S,S,0.09414,9.1472
52540.775,0.85605,22 July 2011 14:35:40.775,734706.6081,0.84726,MCWV,US,M4_Mainshock_S,S,0.09414,9.0934
11249.45,1.0408,23 July 2011 03:07:29.450,734707.1302,0.87247,MCWV,US,M4_Mainshock_S,S,0.096941,10.7366
23856.925,0.9414,23 July 2011 06:37:36.925,734707.2761,0.87247,MCWV,US,M4_Mainshock_S,S,0.096941,9.711
17235.275,0.91166,23 July 2011 04:47:15.275,734707.1995,0.87247,MCWV,US,M4_Mainshock_S,S,0.096941,9.4043
62356.125,0.88095,23 July 2011 17:19:16.125,734707.7217,0.87247,MCWV,US,M4_Mainshock_S,S,0.096941,9.0874
68661.45,0.88259,24 July 2011 19:04:21.450,734708.7947,0.84791,MCWV,US,M4_Mainshock_S,S,0.094212,9.3682
73520.75,1.0241,25 July 2011 20:25:20.750,734709.8509,0.84756,MCWV,US,M4_Mainshock_S,S,0.094173,10.875
75246.75,0.86721,25 July 2011 20:54:06.750,734709.8709,0.84756,MCWV,US,M4_Mainshock_S,S,0.094173,9.2087
72299.6,0.86492,25 July 2011 20:04:59.600,734709.8368,0.84756,MCWV,US,M4_Mainshock_S,S,0.094173,9.1844
73523.525,0.85199,25 July 2011 20:25:23.525,734709.851,0.84756,MCWV,US,M4_Mainshock_S,S,0.094173,9.047
57604.05,0.97932,26 July 2011 16:00:04.050,734710.6667,0.85255,MCWV,US,M4_Mainshock_S,S,0.094728,10.3383
82108.85,0.95024,28 July 2011 22:48:28.850,734712.9503,0.84947,MCWV,US,M4_Mainshock_S,S,0.094385,10.0677
75869.025,0.90467,28 July 2011 21:04:29.025,734712.8781,0.84947,MCWV,US,M4_Mainshock_S,S,0.094385,9.5848
73575.175,0.85551,28 July 2011 20:26:15.175,734712.8516,0.84947,MCWV,US,M4_Mainshock_S,S,0.094385,9.064
75898.925,0.84959,28 July 2011 21:04:58.925,734712.8785,0.84947,MCWV,US,M4_Mainshock_S,S,0.094385,9.0012
68813.925,1.0181,30 July 2011 19:06:53.925,734714.7965,0.85918,MCWV,US,M4_Mainshock_S,S,0.095465,10.6646
64015.05,0.91087,31 July 2011 17:46:55.050,734715.7409,0.84639,MCWV,US,M4_Mainshock_S,S,0.094044,9.6856
57949.425,1.1815,01 August 2011 16:05:49.425,734716.6707,0.8336,MCWV,US,M4_Mainshock_S,S,0.092622,12.7565
69342.575,0.83649,01 August 2011 19:15:42.575,734716.8026,0.8336,MCWV,US,M4_Mainshock_S,S,0.092622,9.0313
72301,0.95974,02 August 2011 20:05:01.000,734717.8368,0.85415,MCWV,US,M4_Mainshock_S,S,0.094905,10.1125
10236.6,0.95615,02 August 2011 02:50:36.600,734717.1185,0.85415,MCWV,US,M4_Mainshock_S,S,0.094905,10.0748
19700,0.8824,02 August 2011 05:28:20.000,734717.228,0.85415,MCWV,US,M4_Mainshock_S,S,0.094905,9.2976
61447.475,0.86904,03 August 2011 17:04:07.475,734718.7112,0.853,MCWV,US,M4_Mainshock_S,S,0.094778,9.1693
70988.6,0.8641,03 August 2011 19:43:08.600,734718.8216,0.853,MCWV,US,M4_Mainshock_S,S,0.094778,9.1171
75393.05,1.0749,04 August 2011 20:56:33.050,734719.8726,0.82364,MCWV,US,M4_Mainshock_S,S,0.091515,11.7457
72038.25,1.0552,04 August 2011 20:00:38.250,734719.8338,0.82364,MCWV,US,M4_Mainshock_S,S,0.091515,11.5307
21374.85,0.85581,04 August 2011 05:56:14.850,734719.2474,0.82364,MCWV,US,M4_Mainshock_S,S,0.091515,9.3516
12692.05,0.85254,04 August 2011 03:31:32.050,734719.1469,0.82364,MCWV,US,M4_Mainshock_S,S,0.091515,9.3158
57893.125,0.8461,04 August 2011 16:04:53.125,734719.6701,0.82364,MCWV,US,M4_Mainshock_S,S,0.091515,9.2455
76873.4,0.8359,04 August 2011 21:21:13.400,734719.8897,0.82364,MCWV,US,M4_Mainshock_S,S,0.091515,9.134
57700.5,1.2379,05 August 2011 16:01:40.500,734720.6678,0.84454,MCWV,US,M4_Mainshock_S,S,0.093838,13.1923
17378.375,0.97632,05 August 2011 04:49:38.375,734720.2011,0.84454,MCWV,US,M4_Mainshock_S,S,0.093838,10.4043
74096.175,0.88521,05 August 2011 20:34:56.175,734720.8576,0.84454,MCWV,US,M4_Mainshock_S,S,0.093838,9.4334
61599.35,0.98397,06 August 2011 17:06:39.350,734721.713,0.86485,MCWV,US,M4_Mainshock_S,S,0.096095,10.2396
53217.95,0.82559,07 August 2011 14:46:57.950,734722.6159,0.80196,MCWV,US,M4_Mainshock_S,S,0.089107,9.2652
74566.625,1.0285,08 August 2011 20:42:46.625,734723.863,0.84236,MCWV,US,M4_Mainshock_S,S,0.093596,10.9888
74567.225,1.0031,08 August 2011 20:42:47.225,734723.863,0.84236,MCWV,US,M4_Mainshock_S,S,0.093596,10.7173
59533.425,0.96186,08 August 2011 16:32:13.425,734723.689,0.84236,MCWV,US,M4_Mainshock_S,S,0.093596,10.2768
78407.55,0.93795,08 August 2011 21:46:47.550,734723.9075,0.84236,MCWV,US,M4_Mainshock_S,S,0.093596,10.0213
78408.2,0.907,08 August 2011 21:46:48.200,734723.9075,0.84236,MCWV,US,M4_Mainshock_S,S,0.093596,9.6906
74596.325,0.90199,08 August 2011 20:43:16.325,734723.8634,0.84236,MCWV,US,M4_Mainshock_S,S,0.093596,9.6371
69603.725,0.86551,08 August 2011 19:20:03.725,734723.8056,0.84236,MCWV,US,M4_Mainshock_S,S,0.093596,9.2474
75036.125,1.172,09 August 2011 20:50:36.125,734724.8685,0.85431,MCWV,US,M4_Mainshock_S,S,0.094923,12.3471
71828.425,0.93795,09 August 2011 19:57:08.425,734724.8313,0.85431,MCWV,US,M4_Mainshock_S,S,0.094923,9.8812
72231.025,0.98484,10 August 2011 20:03:51.025,734725.836,0.86032,MCWV,US,M4_Mainshock_S,S,0.095592,10.3026
65391.875,0.97118,10 August 2011 18:09:51.875,734725.7569,0.86032,MCWV,US,M4_Mainshock_S,S,0.095592,10.1597
55558.775,0.95121,10 August 2011 15:25:58.775,734725.643,0.86032,MCWV,US,M4_Mainshock_S,S,0.095592,9.9507
72201.275,0.93425,10 August 2011 20:03:21.275,734725.8357,0.86032,MCWV,US,M4_Mainshock_S,S,0.095592,9.7733
14800.775,0.88538,10 August 2011 04:06:40.775,734725.1713,0.86032,MCWV,US,M4_Mainshock_S,S,0.095592,9.2621
72620.825,0.88134,10 August 2011 20:10:20.825,734725.8405,0.86032,MCWV,US,M4_Mainshock_S,S,0.095592,9.2199
76854.025,0.91885,11 August 2011 21:20:54.025,734726.8895,0.85556,MCWV,US,M4_Mainshock_S,S,0.095063,9.6657
62913.25,0.96018,12 August 2011 17:28:33.250,734727.7282,0.85852,MCWV,US,M4_Mainshock_S,S,0.095391,10.0658
48548.65,0.87971,12 August 2011 13:29:08.650,734727.5619,0.85852,MCWV,US,M4_Mainshock_S,S,0.095391,9.2222
73593.95,0.86391,12 August 2011 20:26:33.950,734727.8518,0.85852,MCWV,US,M4_Mainshock_S,S,0.095391,9.0566
72258.225,0.93011,13 August 2011 20:04:18.225,734728.8363,0.87792,MCWV,US,M4_Mainshock_S,S,0.097547,9.535
69252.525,0.88911,13 August 2011 19:14:12.525,734728.8015,0.87792,MCWV,US,M4_Mainshock_S,S,0.097547,9.1147
75989.575,0.88317,13 August 2011 21:06:29.575,734728.8795,0.87792,MCWV,US,M4_Mainshock_S,S,0.097547,9.0538
58095.75,1.245,15 August 2011 16:08:15.750,734730.6724,0.80559,MCWV,US,M4_Mainshock_S,S,0.089509,13.909
10829.925,0.92899,15 August 2011 03:00:29.925,734730.1253,0.80559,MCWV,US,M4_Mainshock_S,S,0.089509,10.3787
46446.05,0.90488,15 August 2011 12:54:06.050,734730.5376,0.80559,MCWV,US,M4_Mainshock_S,S,0.089509,10.1093
69605.5,1.0039,16 August 2011 19:20:05.500,734731.8056,0.84219,MCWV,US,M4_Mainshock_S,S,0.093577,10.7278
50798.4,1.0017,16 August 2011 14:06:38.400,734731.5879,0.84219,MCWV,US,M4_Mainshock_S,S,0.093577,10.705
50391.75,0.87242,16 August 2011 13:59:51.750,734731.5832,0.84219,MCWV,US,M4_Mainshock_S,S,0.093577,9.3231
71613.6,0.87222,16 August 2011 19:53:33.600,734731.8289,0.84219,MCWV,US,M4_Mainshock_S,S,0.093577,9.3209
18258.15,0.87101,16 August 2011 05:04:18.150,734731.2113,0.84219,MCWV,US,M4_Mainshock_S,S,0.093577,9.308
74103.8,0.86154,16 August 2011 20:35:03.800,734731.8577,0.84219,MCWV,US,M4_Mainshock_S,S,0.093577,9.2068
76694.175,0.85742,16 August 2011 21:18:14.175,734731.8877,0.84219,MCWV,US,M4_Mainshock_S,S,0.093577,9.1627
60889.575,0.94665,18 August 2011 16:54:49.575,734733.7047,0.84549,MCWV,US,M4_Mainshock_S,S,0.093943,10.0768
66638.775,0.99819,19 August 2011 18:30:38.775,734734.7713,0.85873,MCWV,US,M4_Mainshock_S,S,0.095414,10.4617
20969.475,0.89725,19 August 2011 05:49:29.475,734734.2427,0.85873,MCWV,US,M4_Mainshock_S,S,0.095414,9.4038
48373.4,0.86128,19 August 2011 13:26:13.400,734734.5599,0.85873,MCWV,US,M4_Mainshock_S,S,0.095414,9.0268
70713.15,1.0143,20 August 2011 19:38:33.150,734735.8184,0.86858,MCWV,US,M4_Mainshock_S,S,0.096509,10.5103
70712.525,0.99277,20 August 2011 19:38:32.525,734735.8184,0.86858,MCWV,US,M4_Mainshock_S,S,0.096509,10.2868
59753.875,0.95304,20 August 2011 16:35:53.875,734735.6916,0.86858,MCWV,US,M4_Mainshock_S,S,0.096509,9.8752
53789.3,0.90672,20 August 2011 14:56:29.300,734735.6226,0.86858,MCWV,US,M4_Mainshock_S,S,0.096509,9.3952
62020,0.86334,21 August 2011 17:13:40.000,734736.7178,0.8461,MCWV,US,M4_Mainshock_S,S,0.094012,9.1833
67373.625,1.0218,22 August 2011 18:42:53.625,734737.7798,0.85379,MCWV,US,M4_Mainshock_S,S,0.094866,10.7712
59476.25,0.95144,22 August 2011 16:31:16.250,734737.6884,0.85379,MCWV,US,M4_Mainshock_S,S,0.094866,10.0293
59476.9,0.85645,22 August 2011 16:31:16.900,734737.6884,0.85379,MCWV,US,M4_Mainshock_S,S,0.094866,9.028
52980.2,1.0416,23 August 2011 14:43:00.200,734738.6132,0.86082,MCWV,US,M4_Mainshock_S,S,0.095646,10.89
64288.075,1.0356,23 August 2011 17:51:28.075,734738.7441,0.86082,MCWV,US,M4_Mainshock_S,S,0.095646,10.8273
52972.325,0.934,23 August 2011 14:42:52.325,734738.6131,0.86082,MCWV,US,M4_Mainshock_S,S,0.095646,9.7652
64286.15,0.88757,23 August 2011 17:51:26.150,734738.7441,0.86082,MCWV,US,M4_Mainshock_S,S,0.095646,9.2797
71446.625,0.88321,23 August 2011 19:50:46.625,734738.8269,0.86082,MCWV,US,M4_Mainshock_S,S,0.095646,9.2341
58204.4,0.88229,23 August 2011 16:10:04.400,734738.6737,0.86082,MCWV,US,M4_Mainshock_S,S,0.095646,9.2245
64454.35,1.0035,24 August 2011 17:54:14.350,734739.746,0.86094,MCWV,US,M4_Mainshock_S,S,0.09566,10.4902
64453.7,0.90614,24 August 2011 17:54:13.700,734739.746,0.86094,MCWV,US,M4_Mainshock_S,S,0.09566,9.4725
12754.625,0.87773,24 August 2011 03:32:34.625,734739.1476,0.86094,MCWV,US,M4_Mainshock_S,S,0.09566,9.1755
300.175,0.87016,24 August 2011 00:05:00.175,734739.0035,0.86094,MCWV,US,M4_Mainshock_S,S,0.09566,9.0964
46341.425,0.86671,24 August 2011 12:52:21.425,734739.5364,0.86094,MCWV,US,M4_Mainshock_S,S,0.09566,9.0604
18493.325,0.9715,25 August 2011 05:08:13.325,734740.214,0.86319,MCWV,US,M4_Mainshock_S,S,0.09591,10.1293
57630.525,1.0849,26 August 2011 16:00:30.525,734741.667,0.84714,MCWV,US,M4_Mainshock_S,S,0.094126,11.5262
53055.4,0.93376,26 August 2011 14:44:15.400,734741.6141,0.84714,MCWV,US,M4_Mainshock_S,S,0.094126,9.9203
12528.4,0.88991,26 August 2011 03:28:48.400,734741.145,0.84714,MCWV,US,M4_Mainshock_S,S,0.094126,9.4544
55419.725,0.85168,26 August 2011 15:23:39.725,734741.6414,0.84714,MCWV,US,M4_Mainshock_S,S,0.094126,9.0482
23733.7,0.91752,28 August 2011 06:35:33.700,734743.2747,0.89342,MCWV,US,M4_Mainshock_S,S,0.099269,9.2428
58448.1,0.87075,29 August 2011 16:14:08.100,734744.6765,0.85111,MCWV,US,M4_Mainshock_S,S,0.094568,9.2077
26331.075,1.1332,30 August 2011 07:18:51.075,734745.3048,0.85737,MCWV,US,M4_Mainshock_S,S,0.095264,11.8951
49487.35,0.92887,30 August 2011 13:44:47.350,734745.5728,0.85737,MCWV,US,M4_Mainshock_S,S,0.095264,9.7505
71089.325,0.92799,30 August 2011 19:44:49.325,734745.8228,0.85737,MCWV,US,M4_Mainshock_S,S,0.095264,9.7413
71383.475,0.94529,31 August 2011 19:49:43.475,734746.8262,0.84519,MCWV,US,M4_Mainshock_S,S,0.09391,10.0659
52191.7,0.9118,31 August 2011 14:29:51.700,734746.6041,0.84519,MCWV,US,M4_Mainshock_S,S,0.09391,9.7093
60488.05,1.0211,01 September 2011 16:48:08.050,734747.7001,0.85628,MCWV,US,M4_Mainshock_S,S,0.095143,10.7321
71158.75,0.91815,01 September 2011 19:45:58.750,734747.8236,0.85628,MCWV,US,M4_Mainshock_S,S,0.095143,9.6502
50224.8,1.2357,02 September 2011 13:57:04.800,734748.5813,0.84672,MCWV,US,M4_Mainshock_S,S,0.09408,13.1351
19156.1,0.92188,02 September 2011 05:19:16.100,734748.2217,0.84672,MCWV,US,M4_Mainshock_S,S,0.09408,9.7989
57897.975,0.91635,02 September 2011 16:04:57.975,734748.6701,0.84672,MCWV,US,M4_Mainshock_S,S,0.09408,9.7401
49556.125,0.89216,02 September 2011 13:45:56.125,734748.5736,0.84672,MCWV,US,M4_Mainshock_S,S,0.09408,9.483
39947.45,0.85762,02 September 2011 11:05:47.450,734748.4624,0.84672,MCWV,US,M4_Mainshock_S,S,0.09408,9.1159
71405.475,0.85031,02 September 2011 19:50:05.475,734748.8265,0.84672,MCWV,US,M4_Mainshock_S,S,0.09408,9.0382
18863.95,0.92448,04 September 2011 05:14:23.950,734750.2183,0.85562,MCWV,US,M4_Mainshock_S,S,0.095069,9.7244
31350.725,1.144,05 September 2011 08:42:30.725,734751.3629,0.8716,MCWV,US,M4_Mainshock_S,S,0.096844,11.8124
65859.975,0.9235,05 September 2011 18:17:39.975,734751.7623,0.8716,MCWV,US,M4_Mainshock_S,S,0.096844,9.5359
65859.275,0.89651,05 September 2011 18:17:39.275,734751.7623,0.8716,MCWV,US,M4_Mainshock_S,S,0.096844,9.2572
17998.05,0.87221,05 September 2011 04:59:58.050,734751.2083,0.8716,MCWV,US,M4_Mainshock_S,S,0.096844,9.0063
71745.05,0.9345,06 September 2011 19:55:45.050,734752.8304,0.8058,MCWV,US,M4_Mainshock_S,S,0.089533,10.4375
15156.45,0.87985,06 September 2011 04:12:36.450,734752.1754,0.8058,MCWV,US,M4_Mainshock_S,S,0.089533,9.8271
56331.75,0.82927,06 September 2011 15:38:51.750,734752.652,0.8058,MCWV,US,M4_Mainshock_S,S,0.089533,9.2622
60311.75,0.82793,06 September 2011 16:45:11.750,734752.6981,0.8058,MCWV,US,M4_Mainshock_S,S,0.089533,9.2472
57770.6,1.0811,08 September 2011 16:02:50.600,734754.6686,0.84416,MCWV,US,M4_Mainshock_S,S,0.093795,11.5261
71441.925,0.96411,08 September 2011 19:50:41.925,734754.8269,0.84416,MCWV,US,M4_Mainshock_S,S,0.093795,10.2788
9854.3,0.88284,09 September 2011 02:44:14.300,734755.1141,0.84328,MCWV,US,M4_Mainshock_S,S,0.093698,9.4221
45103.275,0.88727,11 September 2011 12:31:43.275,734757.522,0.83139,MCWV,US,M4_Mainshock_S,S,0.092376,9.6049
72921.525,1.0773,12 September 2011 20:15:21.525,734758.844,0.84108,MCWV,US,M4_Mainshock_S,S,0.093453,11.5272
54679.95,0.95452,12 September 2011 15:11:19.950,734758.6329,0.84108,MCWV,US,M4_Mainshock_S,S,0.093453,10.2139
58347.975,0.92072,12 September 2011 16:12:27.975,734758.6753,0.84108,MCWV,US,M4_Mainshock_S,S,0.093453,9.8523
54679.325,0.86927,12 September 2011 15:11:19.325,734758.6329,0.84108,MCWV,US,M4_Mainshock_S,S,0.093453,9.3017
79064.9,0.84204,12 September 2011 21:57:44.900,734758.9151,0.84108,MCWV,US,M4_Mainshock_S,S,0.093453,9.0103
72868.975,1.0137,13 September 2011 20:14:28.975,734759.8434,0.85587,MCWV,US,M4_Mainshock_S,S,0.095097,10.6594
47054,0.91021,13 September 2011 13:04:14.000,734759.5446,0.85587,MCWV,US,M4_Mainshock_S,S,0.095097,9.5714
69045.9,0.94312,14 September 2011 19:10:45.900,734760.7991,0.85466,MCWV,US,M4_Mainshock_S,S,0.094962,9.9316
66050.925,0.88628,14 September 2011 18:20:50.925,734760.7645,0.85466,MCWV,US,M4_Mainshock_S,S,0.094962,9.333
68826.375,0.85659,14 September 2011 19:07:06.375,734760.7966,0.85466,MCWV,US,M4_Mainshock_S,S,0.094962,9.0203
72899.225,0.99191,15 September 2011 20:14:59.225,734761.8437,0.8668,MCWV,US,M4_Mainshock_S,S,0.096311,10.2991
31644.95,0.90595,15 September 2011 08:47:24.950,734761.3663,0.8668,MCWV,US,M4_Mainshock_S,S,0.096311,9.4066
68941.875,0.88058,15 September 2011 19:09:01.875,734761.7979,0.8668,MCWV,US,M4_Mainshock_S,S,0.096311,9.1431
66453.55,0.96744,16 September 2011 18:27:33.550,734762.7691,0.8605,MCWV,US,M4_Mainshock_S,S,0.095611,10.1186
71232.825,0.9356,16 September 2011 19:47:12.825,734762.8245,0.8605,MCWV,US,M4_Mainshock_S,S,0.095611,9.7855
58525.35,0.87904,16 September 2011 16:15:25.350,734762.6774,0.8605,MCWV,US,M4_Mainshock_S,S,0.095611,9.1939
42041.55,1.0478,17 September 2011 11:40:41.550,734763.4866,0.8377,MCWV,US,M4_Mainshock_S,S,0.093078,11.2577
33071.85,0.98109,17 September 2011 09:11:11.850,734763.3828,0.8377,MCWV,US,M4_Mainshock_S,S,0.093078,10.5405
67306.95,0.85037,17 September 2011 18:41:46.950,734763.779,0.8377,MCWV,US,M4_Mainshock_S,S,0.093078,9.1361
6894.15,0.83912,17 September 2011 01:54:54.150,734763.0798,0.8377,MCWV,US,M4_Mainshock_S,S,0.093078,9.0152
69747.425,1.0453,18 September 2011 19:22:27.425,734764.8073,0.86198,MCWV,US,M4_Mainshock_S,S,0.095775,10.9138
25957.875,1.029,19 September 2011 07:12:37.875,734765.3004,0.8748,MCWV,US,M4_Mainshock_S,S,0.0972,10.5868
30248.425,0.97847,19 September 2011 08:24:08.425,734765.3501,0.8748,MCWV,US,M4_Mainshock_S,S,0.0972,10.0666
25957.25,0.96039,19 September 2011 07:12:37.250,734765.3004,0.8748,MCWV,US,M4_Mainshock_S,S,0.0972,9.8805
60465.125,0.93708,19 September 2011 16:47:45.125,734765.6998,0.8748,MCWV,US,M4_Mainshock_S,S,0.0972,9.6407
30249.075,0.90821,19 September 2011 08:24:09.075,734765.3501,0.8748,MCWV,US,M4_Mainshock_S,S,0.0972,9.3437
51810.2,0.90655,19 September 2011 14:23:30.200,734765.5997,0.8748,MCWV,US,M4_Mainshock_S,S,0.0972,9.3266
42428.3,0.95012,20 September 2011 11:47:08.300,734766.4911,0.84924,MCWV,US,M4_Mainshock_S,S,0.09436,10.0691
61825.9,0.90161,20 September 2011 17:10:25.900,734766.7156,0.84924,MCWV,US,M4_Mainshock_S,S,0.09436,9.555
13010.175,0.86595,20 September 2011 03:36:50.175,734766.1506,0.84924,MCWV,US,M4_Mainshock_S,S,0.09436,9.1771
59114.05,0.97519,21 September 2011 16:25:14.050,734767.6842,0.85013,MCWV,US,M4_Mainshock_S,S,0.094459,10.324
72709.975,0.93072,21 September 2011 20:11:49.975,734767.8416,0.85013,MCWV,US,M4_Mainshock_S,S,0.094459,9.8532
57840.625,0.91216,21 September 2011 16:04:00.625,734767.6695,0.85013,MCWV,US,M4_Mainshock_S,S,0.094459,9.6567
72709.3,0.86293,21 September 2011 20:11:49.300,734767.8415,0.85013,MCWV,US,M4_Mainshock_S,S,0.094459,9.1355
57849.35,1.0178,22 September 2011 16:04:09.350,734768.6696,0.84779,MCWV,US,M4_Mainshock_S,S,0.094199,10.8046
38376.125,0.86892,22 September 2011 10:39:36.125,734768.4442,0.84779,MCWV,US,M4_Mainshock_S,S,0.094199,9.2243
74937.6,1.0184,23 September 2011 20:48:57.600,734769.8673,0.8623,MCWV,US,M4_Mainshock_S,S,0.095812,10.6295
71426.05,1.0155,23 September 2011 19:50:26.050,734769.8267,0.8623,MCWV,US,M4_Mainshock_S,S,0.095812,10.5988
79490.225,1.0062,23 September 2011 22:04:50.225,734769.92,0.8623,MCWV,US,M4_Mainshock_S,S,0.095812,10.5019
66365.75,0.9927,23 September 2011 18:26:05.750,734769.7681,0.8623,MCWV,US,M4_Mainshock_S,S,0.095812,10.361
66365.05,0.90431,23 September 2011 18:26:05.050,734769.7681,0.8623,MCWV,US,M4_Mainshock_S,S,0.095812,9.4385
74937,0.90358,23 September 2011 20:48:57.000,734769.8673,0.8623,MCWV,US,M4_Mainshock_S,S,0.095812,9.4308
58383.2,1.1649,24 September 2011 16:13:03.200,734770.6757,0.87297,MCWV,US,M4_Mainshock_S,S,0.096997,12.0092
68872.1,1.0683,24 September 2011 19:07:52.100,734770.7971,0.87297,MCWV,US,M4_Mainshock_S,S,0.096997,11.0138
64761.625,0.88395,24 September 2011 17:59:21.625,734770.7496,0.87297,MCWV,US,M4_Mainshock_S,S,0.096997,9.1132
73268.775,1.0279,26 September 2011 20:21:08.775,734772.848,0.8532,MCWV,US,M4_Mainshock_S,S,0.0948,10.8433
56081.55,0.9636,26 September 2011 15:34:41.550,734772.6491,0.8532,MCWV,US,M4_Mainshock_S,S,0.0948,10.1645
53664.725,0.89023,26 September 2011 14:54:24.725,734772.6211,0.8532,MCWV,US,M4_Mainshock_S,S,0.0948,9.3906
60994.95,0.86562,26 September 2011 16:56:34.950,734772.706,0.8532,MCWV,US,M4_Mainshock_S,S,0.0948,9.1311
57464.35,0.96611,27 September 2011 15:57:44.350,734773.6651,0.84533,MCWV,US,M4_Mainshock_S,S,0.093926,10.2859
60582.45,0.92157,28 September 2011 16:49:42.450,734774.7012,0.86295,MCWV,US,M4_Mainshock_S,S,0.095884,9.6114
59178.125,0.95043,29 September 2011 16:26:18.125,734775.6849,0.86385,MCWV,US,M4_Mainshock_S,S,0.095983,9.902
53961.5,0.9242,29 September 2011 14:59:21.500,734775.6246,0.86385,MCWV,US,M4_Mainshock_S,S,0.095983,9.6288
59178.7,0.92185,29 September 2011 16:26:18.700,734775.6849,0.86385,MCWV,US,M4_Mainshock_S,S,0.095983,9.6043
60384.15,1.0304,30 September 2011 16:46:24.150,734776.6989,0.88495,MCWV,US,M4_Mainshock_S,S,0.098328,10.4795
57830.7,0.93559,30 September 2011 16:03:50.700,734776.6693,0.88495,MCWV,US,M4_Mainshock_S,S,0.098328,9.5149
49073.75,0.92584,30 September 2011 13:37:53.750,734776.568,0.88495,MCWV,US,M4_Mainshock_S,S,0.098328,9.4158
57838.6,0.9194,30 September 2011 16:03:58.600,734776.6694,0.88495,MCWV,US,M4_Mainshock_S,S,0.098328,9.3503
62485.45,0.887,30 September 2011 17:21:25.450,734776.7232,0.88495,MCWV,US,M4_Mainshock_S,S,0.098328,9.0208
34479.9,0.9272,01 October 2011 09:34:39.900,734777.3991,0.90956,MCWV,US,M4_Mainshock_S,S,0.10106,9.1745
3859.7,0.85906,03 October 2011 01:04:19.700,734779.0447,0.8109,MCWV,US,M4_Mainshock_S,S,0.0901,9.5344
72985.925,0.84988,03 October 2011 20:16:25.925,734779.8447,0.8109,MCWV,US,M4_Mainshock_S,S,0.0901,9.4326
57644.55,0.99583,04 October 2011 16:00:44.550,734780.6672,0.80694,MCWV,US,M4_Mainshock_S,S,0.08966,11.1067
52569.45,0.98008,04 October 2011 14:36:09.450,734780.6084,0.80694,MCWV,US,M4_Mainshock_S,S,0.08966,10.9311
57643.95,0.92615,04 October 2011 16:00:43.950,734780.6672,0.80694,MCWV,US,M4_Mainshock_S,S,0.08966,10.3296
52568.85,0.84224,04 October 2011 14:36:08.850,734780.6084,0.80694,MCWV,US,M4_Mainshock_S,S,0.08966,9.3937
71077.075,0.83321,04 October 2011 19:44:37.075,734780.8227,0.80694,MCWV,US,M4_Mainshock_S,S,0.08966,9.293
72337.975,0.81931,04 October 2011 20:05:37.975,734780.8372,0.80694,MCWV,US,M4_Mainshock_S,S,0.08966,9.138
73499.725,0.81004,04 October 2011 20:24:59.725,734780.8507,0.80694,MCWV,US,M4_Mainshock_S,S,0.08966,9.0346
50885.425,1.0993,05 October 2011 14:08:05.425,734781.589,0.82998,MCWV,US,M4_Mainshock_S,S,0.09222,11.9207
68449.025,0.96385,05 October 2011 19:00:49.025,734781.7922,0.82998,MCWV,US,M4_Mainshock_S,S,0.09222,10.4517
69504.225,0.90189,05 October 2011 19:18:24.225,734781.8044,0.82998,MCWV,US,M4_Mainshock_S,S,0.09222,9.7798
78104.125,0.87509,05 October 2011 21:41:44.125,734781.904,0.82998,MCWV,US,M4_Mainshock_S,S,0.09222,9.4891
70962.425,0.98704,06 October 2011 19:42:42.425,734782.8213,0.85272,MCWV,US,M4_Mainshock_S,S,0.094747,10.4177
58419.625,0.87746,06 October 2011 16:13:39.625,734782.6762,0.85272,MCWV,US,M4_Mainshock_S,S,0.094747,9.2611
63558.05,0.86934,06 October 2011 17:39:18.050,734782.7356,0.85272,MCWV,US,M4_Mainshock_S,S,0.094747,9.1755
40973.25,0.86828,06 October 2011 11:22:53.250,734782.4742,0.85272,MCWV,US,M4_Mainshock_S,S,0.094747,9.1643
58420.2,0.86303,06 October 2011 16:13:40.200,734782.6762,0.85272,MCWV,US,M4_Mainshock_S,S,0.094747,9.1088
63564.25,0.8535,06 October 2011 17:39:24.250,734782.7357,0.85272,MCWV,US,M4_Mainshock_S,S,0.094747,9.0082
58450.7,1.0477,07 October 2011 16:14:10.700,734783.6765,0.85907,MCWV,US,M4_Mainshock_S,S,0.095452,10.9765
62198.225,0.91963,07 October 2011 17:16:38.225,734783.7199,0.85907,MCWV,US,M4_Mainshock_S,S,0.095452,9.6344
68907.925,0.87545,07 October 2011 19:08:27.925,734783.7975,0.85907,MCWV,US,M4_Mainshock_S,S,0.095452,9.1716
63620.275,0.91997,08 October 2011 17:40:20.275,734784.7363,0.87889,MCWV,US,M4_Mainshock_S,S,0.097654,9.4207
67749.275,1.0743,11 October 2011 18:49:09.275,734787.7841,0.86464,MCWV,US,M4_Mainshock_S,S,0.096071,11.1827
56319.225,0.9595,11 October 2011 15:38:39.225,734787.6518,0.86464,MCWV,US,M4_Mainshock_S,S,0.096071,9.9874
57431.475,0.93879,11 October 2011 15:57:11.475,734787.6647,0.86464,MCWV,US,M4_Mainshock_S,S,0.096071,9.7718
59055.15,0.92029,11 October 2011 16:24:15.150,734787.6835,0.86464,MCWV,US,M4_Mainshock_S,S,0.096071,9.5793
59054.425,0.89675,11 October 2011 16:24:14.425,734787.6835,0.86464,MCWV,US,M4_Mainshock_S,S,0.096071,9.3343
21610.3,0.89035,11 October 2011 06:00:10.300,734787.2501,0.86464,MCWV,US,M4_Mainshock_S,S,0.096071,9.2676
70578.725,0.97087,12 October 2011 19:36:18.725,734788.8169,0.86426,MCWV,US,M4_Mainshock_S,S,0.096029,10.1102
58283.725,0.8856,12 October 2011 16:11:23.725,734788.6746,0.86426,MCWV,US,M4_Mainshock_S,S,0.096029,9.2223
57517.95,1.0488,13 October 2011 15:58:37.950,734789.6657,0.86786,MCWV,US,M4_Mainshock_S,S,0.096429,10.8765
71220,0.93351,13 October 2011 19:47:00.000,734789.8243,0.86786,MCWV,US,M4_Mainshock_S,S,0.096429,9.6808
12954.175,0.92677,13 October 2011 03:35:54.175,734789.1499,0.86786,MCWV,US,M4_Mainshock_S,S,0.096429,9.6109
57518.55,0.90709,13 October 2011 15:58:38.550,734789.6657,0.86786,MCWV,US,M4_Mainshock_S,S,0.096429,9.4068
63825.925,0.89416,13 October 2011 17:43:45.925,734789.7387,0.86786,MCWV,US,M4_Mainshock_S,S,0.096429,9.2728
12971.575,0.87978,13 October 2011 03:36:11.575,734789.1501,0.86786,MCWV,US,M4_Mainshock_S,S,0.096429,9.1237
72074.5,0.93788,14 October 2011 20:01:14.500,734790.8342,0.87136,MCWV,US,M4_Mainshock_S,S,0.096818,9.6871
72997.05,0.88971,14 October 2011 20:16:37.050,734790.8449,0.87136,MCWV,US,M4_Mainshock_S,S,0.096818,9.1896
35936.35,1.0208,16 October 2011 09:58:56.350,734792.4159,0.88019,MCWV,US,M4_Mainshock_S,S,0.097798,10.4379
6628.025,1.0304,17 October 2011 01:50:28.025,734793.0767,0.86846,MCWV,US,M4_Mainshock_S,S,0.096496,10.6781
7579.075,0.89287,17 October 2011 02:06:19.075,734793.0877,0.86846,MCWV,US,M4_Mainshock_S,S,0.096496,9.2529
10018.575,0.88514,17 October 2011 02:46:58.575,734793.116,0.86846,MCWV,US,M4_Mainshock_S,S,0.096496,9.1729
6566.375,0.98157,18 October 2011 01:49:26.375,734794.076,0.87006,MCWV,US,M4_Mainshock_S,S,0.096674,10.1534
6567,0.89869,18 October 2011 01:49:27.000,734794.076,0.87006,MCWV,US,M4_Mainshock_S,S,0.096674,9.2961
59948.225,1.1162,19 October 2011 16:39:08.225,734795.6938,0.87354,MCWV,US,M4_Mainshock_S,S,0.09706,11.5
73122.125,0.87696,19 October 2011 20:18:42.125,734795.8463,0.87354,MCWV,US,M4_Mainshock_S,S,0.09706,9.0352
84992.8,1.0056,20 October 2011 23:36:32.800,734796.9837,0.88246,MCWV,US,M4_Mainshock_S,S,0.098051,10.2558
58215.775,1.0054,20 October 2011 16:10:15.775,734796.6738,0.88246,MCWV,US,M4_Mainshock_S,S,0.098051,10.2535
60499,0.96563,20 October 2011 16:48:19.000,734796.7002,0.88246,MCWV,US,M4_Mainshock_S,S,0.098051,9.8483
81703.525,0.94351,20 October 2011 22:41:43.525,734796.9456,0.88246,MCWV,US,M4_Mainshock_S,S,0.098051,9.6227
56465.65,0.89129,21 October 2011 15:41:05.650,734797.6535,0.886,MCWV,US,M4_Mainshock_S,S,0.098444,9.0537
39229.875,0.9172,23 October 2011 10:53:49.875,734799.454,0.85216,MCWV,US,M4_Mainshock_S,S,0.094685,9.6869
75108.25,1.1744,24 October 2011 20:51:48.250,734800.8693,0.8605,MCWV,US,M4_Mainshock_S,S,0.095611,12.2831
57080.025,0.94746,24 October 2011 15:51:20.025,734800.6606,0.8605,MCWV,US,M4_Mainshock_S,S,0.095611,9.9096
56578.975,0.91757,24 October 2011 15:42:58.975,734800.6548,0.8605,MCWV,US,M4_Mainshock_S,S,0.095611,9.5969
76698.075,0.91031,24 October 2011 21:18:18.075,734800.8877,0.8605,MCWV,US,M4_Mainshock_S,S,0.095611,9.521
55643.825,0.87178,24 October 2011 15:27:23.825,734800.644,0.8605,MCWV,US,M4_Mainshock_S,S,0.095611,9.118
12924.375,1.0545,25 October 2011 03:35:24.375,734801.1496,0.87142,MCWV,US,M4_Mainshock_S,S,0.096824,10.8909
72333.95,0.99899,25 October 2011 20:05:33.950,734801.8372,0.87142,MCWV,US,M4_Mainshock_S,S,0.096824,10.3176
64065.05,0.96807,25 October 2011 17:47:45.050,734801.7415,0.87142,MCWV,US,M4_Mainshock_S,S,0.096824,9.9982
12880.775,0.9253,25 October 2011 03:34:40.775,734801.1491,0.87142,MCWV,US,M4_Mainshock_S,S,0.096824,9.5566
69485.825,0.91381,25 October 2011 19:18:05.825,734801.8042,0.87142,MCWV,US,M4_Mainshock_S,S,0.096824,9.4379
58493.7,0.90317,25 October 2011 16:14:53.700,734801.677,0.87142,MCWV,US,M4_Mainshock_S,S,0.096824,9.328
57195.175,0.89868,25 October 2011 15:53:15.175,734801.662,0.87142,MCWV,US,M4_Mainshock_S,S,0.096824,9.2816
58493.8,0.8812,25 October 2011 16:14:53.800,734801.677,0.87142,MCWV,US,M4_Mainshock_S,S,0.096824,9.101
58138.75,1.0683,26 October 2011 16:08:58.750,734802.6729,0.88242,MCWV,US,M4_Mainshock_S,S,0.098046,10.8955
53783.35,0.94027,26 October 2011 14:56:23.350,734802.6225,0.88242,MCWV,US,M4_Mainshock_S,S,0.098046,9.5901
59535.875,1.0246,27 October 2011 16:32:15.875,734803.6891,0.86909,MCWV,US,M4_Mainshock_S,S,0.096566,10.61
75823.025,0.99728,27 October 2011 21:03:43.025,734803.8776,0.86909,MCWV,US,M4_Mainshock_S,S,0.096566,10.3275
43249.05,0.93255,27 October 2011 12:00:49.050,734803.5006,0.86909,MCWV,US,M4_Mainshock_S,S,0.096566,9.6572
59535.2,0.88971,27 October 2011 16:32:15.200,734803.6891,0.86909,MCWV,US,M4_Mainshock_S,S,0.096566,9.2135
59087.2,0.92366,28 October 2011 16:24:47.200,734804.6839,0.83539,MCWV,US,M4_Mainshock_S,S,0.092821,9.951
6319.625,0.88546,28 October 2011 01:45:19.625,734804.0731,0.83539,MCWV,US,M4_Mainshock_S,S,0.092821,9.5394
71037.625,0.86471,28 October 2011 19:43:57.625,734804.8222,0.83539,MCWV,US,M4_Mainshock_S,S,0.092821,9.3159
59085.775,0.84046,28 October 2011 16:24:45.775,734804.6839,0.83539,MCWV,US,M4_Mainshock_S,S,0.092821,9.0546
53483.325,0.9697,29 October 2011 14:51:23.325,734805.619,0.86722,MCWV,US,M4_Mainshock_S,S,0.096357,10.0636
12272.15,0.89979,29 October 2011 03:24:32.150,734805.142,0.86722,MCWV,US,M4_Mainshock_S,S,0.096357,9.338
68743.65,0.88316,29 October 2011 19:05:43.650,734805.7956,0.86722,MCWV,US,M4_Mainshock_S,S,0.096357,9.1655
62611.725,0.9193,31 October 2011 17:23:31.725,734807.7247,0.87772,MCWV,US,M4_Mainshock_S,S,0.097525,9.4263
43578.5,0.89713,31 October 2011 12:06:18.500,734807.5044,0.87772,MCWV,US,M4_Mainshock_S,S,0.097525,9.199
74669.225,0.89529,01 December 2011 20:44:29.225,734838.8642,0.89259,MCWV,US,M4_Mainshock_S,S,0.099177,9.0273
62067.175,0.90922,02 December 2011 17:14:27.175,734839.7184,0.88518,MCWV,US,M4_Mainshock_S,S,0.098353,9.2445
66722.025,1.1801,03 December 2011 18:32:02.025,734840.7722,0.88899,MCWV,US,M4_Mainshock_S,S,0.098776,11.9468
66429.15,1.1711,03 December 2011 18:27:09.150,734840.7689,0.88899,MCWV,US,M4_Mainshock_S,S,0.098776,11.8558
66205.025,1.1645,03 December 2011 18:23:25.025,734840.7663,0.88899,MCWV,US,M4_Mainshock_S,S,0.098776,11.7894
66434.375,1.1154,03 December 2011 18:27:14.375,734840.7689,0.88899,MCWV,US,M4_Mainshock_S,S,0.098776,11.2921
66210.25,1.0903,03 December 2011 18:23:30.250,734840.7663,0.88899,MCWV,US,M4_Mainshock_S,S,0.098776,11.0381
66727.225,1.0757,03 December 2011 18:32:07.225,734840.7723,0.88899,MCWV,US,M4_Mainshock_S,S,0.098776,10.8907
67170.175,1.0529,03 December 2011 18:39:30.175,734840.7774,0.88899,MCWV,US,M4_Mainshock_S,S,0.098776,10.6594
66736.025,0.97039,03 December 2011 18:32:16.025,734840.7724,0.88899,MCWV,US,M4_Mainshock_S,S,0.098776,9.8241
78052.9,1.1876,06 December 2011 21:40:52.900,734843.9034,0.89275,MCWV,US,M4_Mainshock_S,S,0.099195,11.9721
78053.5,0.90413,06 December 2011 21:40:53.500,734843.9034,0.89275,MCWV,US,M4_Mainshock_S,S,0.099195,9.1147
63541.4,0.90179,06 December 2011 17:39:01.400,734843.7354,0.89275,MCWV,US,M4_Mainshock_S,S,0.099195,9.0911
16915.025,0.89815,06 December 2011 04:41:55.025,734843.1958,0.89275,MCWV,US,M4_Mainshock_S,S,0.099195,9.0544
61556.6,0.95429,07 December 2011 17:05:56.600,734844.7125,0.87807,MCWV,US,M4_Mainshock_S,S,0.097564,9.7812
61557.2,0.94025,07 December 2011 17:05:57.200,734844.7125,0.87807,MCWV,US,M4_Mainshock_S,S,0.097564,9.6373
61931.875,1.1827,08 December 2011 17:12:11.875,734845.7168,0.86213,MCWV,US,M4_Mainshock_S,S,0.095792,12.3461
60342.725,0.92962,08 December 2011 16:45:42.725,734845.6984,0.86213,MCWV,US,M4_Mainshock_S,S,0.095792,9.7046
71673.35,0.95898,09 December 2011 19:54:33.350,734846.8296,0.88398,MCWV,US,M4_Mainshock_S,S,0.09822,9.7635
73314.95,0.91662,09 December 2011 20:21:54.950,734846.8486,0.88398,MCWV,US,M4_Mainshock_S,S,0.09822,9.3323
77601.225,0.89492,10 December 2011 21:33:21.225,734847.8982,0.88511,MCWV,US,M4_Mainshock_S,S,0.098346,9.0997
6770.45,0.92296,11 December 2011 01:52:50.450,734848.0784,0.89619,MCWV,US,M4_Mainshock_S,S,0.099576,9.2688
29649.775,1.0799,13 December 2011 08:14:09.775,734850.3432,0.88089,MCWV,US,M4_Mainshock_S,S,0.097877,11.0333
46838.5,1.0296,13 December 2011 13:00:38.500,734850.5421,0.88089,MCWV,US,M4_Mainshock_S,S,0.097877,10.5191
67598.825,0.91083,13 December 2011 18:46:38.825,734850.7824,0.88089,MCWV,US,M4_Mainshock_S,S,0.097877,9.3059
29649.1,0.90611,13 December 2011 08:14:09.100,734850.3432,0.88089,MCWV,US,M4_Mainshock_S,S,0.097877,9.2576
61540.85,1.1914,14 December 2011 17:05:40.850,734851.7123,0.88751,MCWV,US,M4_Mainshock_S,S,0.098612,12.0813
25163.975,0.93961,14 December 2011 06:59:23.975,734851.2912,0.88751,MCWV,US,M4_Mainshock_S,S,0.098612,9.5284
72416.225,0.88346,15 December 2011 20:06:56.225,734852.8382,0.88315,MCWV,US,M4_Mainshock_S,S,0.098128,9.0032
75452.4,0.98016,16 December 2011 20:57:32.400,734853.8733,0.89658,MCWV,US,M4_Mainshock_S,S,0.09962,9.839
73738.875,0.93386,16 December 2011 20:28:58.875,734853.8535,0.89658,MCWV,US,M4_Mainshock_S,S,0.09962,9.3742
61416.05,0.89865,16 December 2011 17:03:36.050,734853.7108,0.89658,MCWV,US,M4_Mainshock_S,S,0.09962,9.0208
64297.775,1.0308,17 December 2011 17:51:37.775,734854.7442,0.91677,MCWV,US,M4_Mainshock_S,S,0.10186,10.1197
22449.875,1.0224,17 December 2011 06:14:09.875,734854.2598,0.91677,MCWV,US,M4_Mainshock_S,S,0.10186,10.0374
16480.075,0.95032,17 December 2011 04:34:40.075,734854.1907,0.91677,MCWV,US,M4_Mainshock_S,S,0.10186,9.3294
73937.275,1.0521,19 December 2011 20:32:17.275,734856.8558,0.87967,MCWV,US,M4_Mainshock_S,S,0.097741,10.7643
75297.8,0.92753,19 December 2011 20:54:57.800,734856.8715,0.87967,MCWV,US,M4_Mainshock_S,S,0.097741,9.4897
61684.65,1.1856,20 December 2011 17:08:04.650,734857.7139,0.88981,MCWV,US,M4_Mainshock_S,S,0.098867,11.9914
72294.575,0.90507,21 December 2011 20:04:54.575,734858.8367,0.88721,MCWV,US,M4_Mainshock_S,S,0.098579,9.1811
59179.1,1.0872,22 December 2011 16:26:19.100,734859.6849,0.90759,MCWV,US,M4_Mainshock_S,S,0.10084,10.7812
60407.775,1.024,22 December 2011 16:46:47.775,734859.6992,0.90759,MCWV,US,M4_Mainshock_S,S,0.10084,10.154
65996.6,0.92185,22 December 2011 18:19:56.600,734859.7638,0.90759,MCWV,US,M4_Mainshock_S,S,0.10084,9.1414
23131.575,0.89917,24 December 2011 06:25:31.575,734861.2677,0.89255,MCWV,US,M4_Mainshock_S,S,0.099172,9.0667
24188.025,1.0267,25 December 2011 06:43:08.025,734862.28,0.91457,MCWV,US,M4_Mainshock_S,S,0.10162,10.1033
55270.4,0.96856,27 December 2011 15:21:10.400,734864.6397,0.88048,MCWV,US,M4_Mainshock_S,S,0.097831,9.9003
55271.05,0.88752,27 December 2011 15:21:11.050,734864.6397,0.88048,MCWV,US,M4_Mainshock_S,S,0.097831,9.072
61480.525,1.2056,28 December 2011 17:04:40.525,734865.7116,0.87207,MCWV,US,M4_Mainshock_S,S,0.096896,12.4419
72899.825,0.93814,28 December 2011 20:14:59.825,734865.8437,0.87207,MCWV,US,M4_Mainshock_S,S,0.096896,9.6819
76574.775,0.92245,28 December 2011 21:16:14.775,734865.8863,0.87207,MCWV,US,M4_Mainshock_S,S,0.096896,9.5199
16560.375,0.92239,28 December 2011 04:36:00.375,734865.1917,0.87207,MCWV,US,M4_Mainshock_S,S,0.096896,9.5194
59661.3,0.96436,29 December 2011 16:34:21.300,734866.6905,0.87994,MCWV,US,M4_Mainshock_S,S,0.097771,9.8634
33075,1.0959,30 December 2011 09:11:15.000,734867.3828,0.90521,MCWV,US,M4_Mainshock_S,S,0.10058,10.8962
75754.35,1.0307,30 December 2011 21:02:34.350,734867.8768,0.90521,MCWV,US,M4_Mainshock_S,S,0.10058,10.2479
75593.775,0.95793,30 December 2011 20:59:53.775,734867.8749,0.90521,MCWV,US,M4_Mainshock_S,S,0.10058,9.5242
72333.625,1.4583,31 December 2011 20:05:33.625,734868.8372,0.89622,MCWV,US,M4_Mainshock_S,S,0.09958,14.6443
77912.325,1.1572,03 January 2012 21:38:32.325,734871.9018,0.93595,MCWV,US,M4_Mainshock_S,S,0.10399,11.1271
59935,0.97483,05 January 2012 16:38:55.000,734873.6937,0.91008,MCWV,US,M4_Mainshock_S,S,0.10112,9.6403
78477.75,1.0408,06 January 2012 21:47:57.750,734874.9083,0.9079,MCWV,US,M4_Mainshock_S,S,0.10088,10.3174
75025.325,0.97884,06 January 2012 20:50:25.325,734874.8683,0.9079,MCWV,US,M4_Mainshock_S,S,0.10088,9.7033
78478.35,0.9291,06 January 2012 21:47:58.350,734874.9083,0.9079,MCWV,US,M4_Mainshock_S,S,0.10088,9.2102
73795.875,0.97327,07 January 2012 20:29:55.875,734875.8541,0.92579,MCWV,US,M4_Mainshock_S,S,0.10287,9.4615
56158.2,0.91126,08 January 2012 15:35:58.200,734876.65,0.86897,MCWV,US,M4_Mainshock_S,S,0.096552,9.438
58885.725,1.0286,09 January 2012 16:21:25.725,734877.6815,0.86312,MCWV,US,M4_Mainshock_S,S,0.095902,10.726
61776.375,1.1178,10 January 2012 17:09:36.375,734878.715,0.91067,MCWV,US,M4_Mainshock_S,S,0.10119,11.0475
46512.8,0.93233,11 January 2012 12:55:12.800,734879.5383,0.90482,MCWV,US,M4_Mainshock_S,S,0.10054,9.2736
64919.175,0.93513,12 January 2012 18:01:59.175,734880.7514,0.91569,MCWV,US,M4_Mainshock_S,S,0.10174,9.1911
75354.025,1.0458,13 January 2012 20:55:54.025,734881.8722,0.92911,MCWV,US,M4_Mainshock_S,S,0.10323,10.1306
73200.025,1.0124,14 January 2012 20:20:00.025,734882.8472,0.92889,MCWV,US,M4_Mainshock_S,S,0.10321,9.8095
79382.35,1.012,17 January 2012 22:03:02.350,734885.9188,0.92259,MCWV,US,M4_Mainshock_S,S,0.10251,9.8725
62194.775,1.023,18 January 2012 17:16:34.775,734886.7198,0.8988,MCWV,US,M4_Mainshock_S,S,0.099867,10.2435
76831.925,0.92323,18 January 2012 21:20:31.925,734886.8893,0.8988,MCWV,US,M4_Mainshock_S,S,0.099867,9.2447
62892.925,1.0735,19 January 2012 17:28:12.925,734887.7279,0.9,MCWV,US,M4_Mainshock_S,S,0.1,10.7354
56326.45,0.92066,19 January 2012 15:38:46.450,734887.6519,0.9,MCWV,US,M4_Mainshock_S,S,0.1,9.2066
76339.775,0.9274,20 January 2012 21:12:19.775,734888.8836,0.89385,MCWV,US,M4_Mainshock_S,S,0.099316,9.3378
77604.2,0.89437,20 January 2012 21:33:24.200,734888.8982,0.89385,MCWV,US,M4_Mainshock_S,S,0.099316,9.0053
67969.1,0.96291,21 January 2012 18:52:49.100,734889.7867,0.90246,MCWV,US,M4_Mainshock_S,S,0.10027,9.6028
75291.475,0.9849,23 January 2012 20:54:51.475,734891.8714,0.89095,MCWV,US,M4_Mainshock_S,S,0.098994,9.9491
48050.75,0.95211,23 January 2012 13:20:50.750,734891.5561,0.89095,MCWV,US,M4_Mainshock_S,S,0.098994,9.6178
80013.15,0.90874,23 January 2012 22:13:33.150,734891.9261,0.89095,MCWV,US,M4_Mainshock_S,S,0.098994,9.1797
69690.275,0.87718,24 January 2012 19:21:30.275,734892.8066,0.87628,MCWV,US,M4_Mainshock_S,S,0.097364,9.0092
61339.175,1.1889,25 January 2012 17:02:19.175,734893.7099,0.88328,MCWV,US,M4_Mainshock_S,S,0.098143,12.1141
71575.525,0.92524,25 January 2012 19:52:55.525,734893.8284,0.88328,MCWV,US,M4_Mainshock_S,S,0.098143,9.4275
25300.975,0.89736,25 January 2012 07:01:40.975,734893.2928,0.88328,MCWV,US,M4_Mainshock_S,S,0.098143,9.1434
67299.075,0.96023,27 January 2012 18:41:39.075,734895.7789,0.88721,MCWV,US,M4_Mainshock_S,S,0.098579,9.7407
32478.625,0.96143,28 January 2012 09:01:18.625,734896.3759,0.85806,MCWV,US,M4_Mainshock_S,S,0.09534,10.0843
72483.725,0.86013,28 January 2012 20:08:03.725,734896.8389,0.85806,MCWV,US,M4_Mainshock_S,S,0.09534,9.0217
1663.225,0.96209,29 January 2012 00:27:43.225,734897.0193,0.82791,MCWV,US,M4_Mainshock_S,S,0.09199,10.4587
67905.4,0.95849,30 January 2012 18:51:45.400,734898.7859,0.87851,MCWV,US,M4_Mainshock_S,S,0.097613,9.8193
78599.125,0.9793,31 January 2012 21:49:59.125,734899.9097,0.89532,MCWV,US,M4_Mainshock_S,S,0.09948,9.8442
24020.4,0.97124,03 July 2011 06:40:20.400,734687.278,0.95739,N54A,TA,M4_Mainshock_S,S,0.10638,9.1302
72302.675,1.4092,31 December 2011 20:05:02.675,734868.8368,1.0495,N54A,TA,M4_Mainshock_S,S,0.11661,12.0845
